id_produit,order_count,total_demand,avg_demand,std_demand,order_frequency,avg_daily_vol,cv,segment
31334,228,20591,90.31140350877193,164.2842289661679,0.3093622795115332,27.938941655359567,1.7991644269314702,C_MEDIUM_FREQ
31335,193,16012,82.96373056994818,132.99766496450366,0.2618724559023066,21.725915875169605,1.5839894685682943,C_MEDIUM_FREQ
31336,238,21345,89.68487394957984,121.55416506438112,0.3229308005427408,28.96200814111262,1.3404017645981887,C_MEDIUM_FREQ
31337,145,7927,54.66896551724138,82.91729942576099,0.19674355495251017,10.755766621438264,1.489470814759086,C_MEDIUM_FREQ
31338,237,26608,112.27004219409282,120.19452307983104,0.32157394843962006,36.103120759837175,1.0611325002764,C_MEDIUM_FREQ
31339,50,2087,41.74,35.32404511469922,0.06784260515603799,2.8317503392130257,0.8264867832171084,D_LOW_FREQ
31340,16,358,22.375,49.52558261477934,0.021709633649932156,0.48575305291723203,2.1187415022365492,D_LOW_FREQ
31341,54,4524,83.77777777777777,208.33967789081316,0.07327001356852103,6.1383989145183175,2.4574798178470756,D_LOW_FREQ
31342,258,29907,115.9186046511628,139.99679388626916,0.35006784260515605,40.57937584803256,1.1973868000217949,C_MEDIUM_FREQ
31343,242,23239,96.02892561983471,100.70306372526207,0.3283582089552239,31.531886024423336,1.0378664205746528,C_MEDIUM_FREQ
31344,60,6703,111.71666666666667,99.72914023709109,0.0814111261872456,9.094979647218453,0.884777231143792,D_LOW_FREQ
31347,24,2603,108.45833333333333,82.8004301431101,0.032564450474898234,3.5318860244233377,0.756456156617679,D_LOW_FREQ
31348,19,1704,89.6842105263158,85.69393381329661,0.025780189959294438,2.312075983717775,0.9449708313712336,D_LOW_FREQ
31349,20,3803,190.15,133.152573744321,0.027137042062415198,5.16010854816825,0.6965868362245409,D_LOW_FREQ
31350,16,2155,134.6875,90.27935810582615,0.021709633649932156,2.9240162822252374,0.6653476414984885,D_LOW_FREQ
31351,14,1202,85.85714285714286,35.950515440526864,0.018995929443690638,1.6309362279511532,0.41390396066396057,D_LOW_FREQ
31352,7,308,44.0,56.222771187482394,0.009497964721845319,0.417910447761194,1.2493949152773864,D_LOW_FREQ
31353,72,8925,123.95833333333333,112.02231134660906,0.09769335142469471,12.109905020352782,0.8964773165450541,D_LOW_FREQ
31354,70,9568,136.68571428571428,161.8202207727195,0.09497964721845319,12.98236092265943,1.175286932360486,D_LOW_FREQ
31355,89,12637,141.98876404494382,168.8776785927144,0.12075983717774763,17.146540027137043,1.181055586574853,C_MEDIUM_FREQ
31356,50,4560,91.2,55.6332744361663,0.06784260515603799,6.187245590230665,0.6033977704573351,D_LOW_FREQ
31357,56,9614,171.67857142857142,384.6998880895391,0.07598371777476255,13.044776119402986,2.227838028233112,D_LOW_FREQ
31358,19,2025,106.57894736842105,111.26960041542428,0.025780189959294438,2.7476255088195387,1.034306461787212,D_LOW_FREQ
31360,31,2789,89.96774193548387,92.1287084720674,0.04206241519674356,3.7842605156037994,1.012762398097195,D_LOW_FREQ
31361,29,1327,45.758620689655174,48.13126038865994,0.03934871099050204,1.8005427408412482,1.029355863769276,D_LOW_FREQ
31362,9,903,100.33333333333333,78.58275892331599,0.012211668928086838,1.2252374491180462,0.7754877525327236,D_LOW_FREQ
31363,7,602,86.0,68.59300255857008,0.009497964721845319,0.8168249660786974,0.7884253167651734,D_LOW_FREQ
31364,7,1262,180.28571428571428,210.42870074026993,0.009497964721845319,1.712347354138399,1.1607572144853346,D_LOW_FREQ
31365,6,303,50.5,54.224533193011446,0.008141112618724558,0.41112618724559025,1.0529035571458534,D_LOW_FREQ
31366,6,551,91.83333333333333,66.18282758137995,0.008141112618724558,0.7476255088195387,0.712920943425996,D_LOW_FREQ
31367,5,93,18.6,24.357750306627253,0.0067842605156037995,0.12618724559023067,1.242742362583023,D_LOW_FREQ
31368,33,25867,783.8484848484849,1782.6364099489715,0.04477611940298507,35.097693351424695,2.271312800321083,D_LOW_FREQ
31370,2,2,1.0,0.0,0.0027137042062415195,0.0027137042062415195,0.0,D_LOW_FREQ
31371,121,27131,224.22314049586777,298.66473644102746,0.16417910447761194,36.81275440976933,1.3260837042919538,C_MEDIUM_FREQ
31372,4,121,30.25,24.088378940891808,0.005427408412483039,0.16417910447761194,0.7708281261085378,D_LOW_FREQ
31373,347,90418,260.57060518731987,373.7154145081015,0.4708276797829037,122.68385345997287,1.4287362841878612,C_MEDIUM_FREQ
31374,62,11540,186.1290322580645,148.34502139545708,0.08412483039348712,15.658073270013569,0.792741882995892,D_LOW_FREQ
31375,70,12287,175.52857142857144,183.84096162673498,0.09497964721845319,16.671641791044777,1.0414232672874846,D_LOW_FREQ
31376,2,240,120.0,0.0,0.0027137042062415195,0.3256445047489824,0.0,D_LOW_FREQ
31377,59,10442,176.98305084745763,189.31368709516576,0.08005427408412483,14.168249660786975,1.063661321646965,D_LOW_FREQ
31378,13,1201,92.38461538461539,86.9133078240788,0.017639077340569877,1.6295793758480326,0.9307026373253907,D_LOW_FREQ
31379,3,241,80.33333333333333,68.70468203356548,0.004070556309362279,0.32700135685210313,0.8447296971340018,D_LOW_FREQ
31380,1,60,60.0,,0.0013568521031207597,0.0814111261872456,,D_LOW_FREQ
31381,14,1460,104.28571428571429,52.14097542893994,0.018995929443690638,1.9810040705563094,0.4952331451866751,D_LOW_FREQ
31382,21,6082,289.6190476190476,538.2359590542494,0.028493894165535955,8.252374491180461,1.852032629876985,D_LOW_FREQ
31383,1,60,60.0,,0.0013568521031207597,0.0814111261872456,,D_LOW_FREQ
31384,7,1224,174.85714285714286,121.14788286969575,0.009497964721845319,1.66078697421981,0.6888994151810481,D_LOW_FREQ
31385,11,1845,167.72727272727272,175.31918942836288,0.014925373134328358,2.5033921302578017,1.0390684718275818,D_LOW_FREQ
31386,14,1875,133.92857142857142,169.06369499994068,0.018995929443690638,2.5440976933514245,1.252986622551175,D_LOW_FREQ
31387,75,7181,95.74666666666667,99.32856932768479,0.10176390773405698,9.743554952510177,1.0266872518710528,C_MEDIUM_FREQ
31388,156,22902,146.80769230769232,167.10024479758968,0.21166892808683854,31.074626865671643,1.1305246850734665,C_MEDIUM_FREQ
31389,24,3481,145.04166666666666,219.6076499749866,0.032564450474898234,4.723202170963365,1.503732838630436,D_LOW_FREQ
31390,17,1441,84.76470588235294,67.2007527969039,0.023066485753052916,1.955223880597015,0.7835478721175352,D_LOW_FREQ
31391,19,1596,84.0,67.85278181474949,0.025780189959294438,2.1655359565807326,0.798268021349994,D_LOW_FREQ
31392,8,720,90.0,55.54920598635309,0.010854816824966078,0.9769335142469471,0.610430835014869,D_LOW_FREQ
31393,1,1,1.0,,0.0013568521031207597,0.0013568521031207597,,D_LOW_FREQ
31394,7,999,142.71428571428572,151.508761337108,0.009497964721845319,1.355495251017639,1.054235913876497,D_LOW_FREQ
31395,5,472,94.4,79.07464827617004,0.0067842605156037995,0.6404341926729986,0.8288747198759961,D_LOW_FREQ
31396,11,352,32.0,18.487833837418595,0.014925373134328358,0.47761194029850745,0.5602373890126847,D_LOW_FREQ
31397,8,300,37.5,13.887301496588272,0.010854816824966078,0.40705563093622793,0.36070912978151354,D_LOW_FREQ
31398,81,5877,72.55555555555556,71.8432321099211,0.10990502035278155,7.974219810040705,0.9767206782315557,C_MEDIUM_FREQ
31399,34,1765,51.911764705882355,49.54237099760336,0.04613297150610583,2.394843962008141,0.9363205191320257,D_LOW_FREQ
31400,25,1560,62.4,50.17386437844575,0.033921302578018994,2.1166892808683855,0.7913858734770624,D_LOW_FREQ
31401,124,9979,80.4758064516129,84.2167609478517,0.16824966078697423,13.540027137042063,1.033641330053807,C_MEDIUM_FREQ
31402,2,554,277.0,0.0,0.0027137042062415195,0.751696065128901,0.0,D_LOW_FREQ
31403,18,793,44.05555555555556,128.51755303423923,0.024423337856173677,1.0759837177747626,2.8524241117340394,D_LOW_FREQ
31404,8,51,6.375,7.963084470587655,0.010854816824966078,0.06919945725915876,1.079740267198326,D_LOW_FREQ
31405,7,59,8.428571428571429,14.931590034299125,0.009497964721845319,0.08005427408412483,1.5836534884862707,D_LOW_FREQ
31406,4,35,8.75,12.893796958227627,0.005427408412483039,0.04748982360922659,1.322440713664372,D_LOW_FREQ
31407,20,363,18.15,32.21518929096384,0.027137042062415198,0.4925373134328358,1.682255315455031,D_LOW_FREQ
31408,8,56,7.0,9.441549509633317,0.010854816824966078,0.07598371777476255,1.1801936887041646,D_LOW_FREQ
31409,3,8,2.6666666666666665,2.0816659994661326,0.004070556309362279,0.010854816824966078,0.5677270907634907,D_LOW_FREQ
31410,1,1,1.0,,0.0013568521031207597,0.0013568521031207597,,D_LOW_FREQ
31411,19,370,19.473684210526315,30.284518268970793,0.025780189959294438,0.5020352781546812,1.4791924090242805,D_LOW_FREQ
31412,8,62,7.75,5.175491695067656,0.010854816824966078,0.08412483039348712,0.5914847651505892,D_LOW_FREQ
31413,8,85,10.625,11.426004175938823,0.010854816824966078,0.11533242876526459,0.9828820796506514,D_LOW_FREQ
31414,2,2,1.0,0.0,0.0027137042062415195,0.0027137042062415195,0.0,D_LOW_FREQ
31415,37,763,20.62162162162162,23.075180691902805,0.050203527815468114,1.0352781546811398,1.0672271070005048,D_LOW_FREQ
31416,20,161,8.05,7.4936815490047834,0.027137042062415198,0.21845318860244234,0.8280311103872688,D_LOW_FREQ
31417,16,51,3.1875,1.682012683265696,0.021709633649932156,0.06919945725915876,0.401674670630614,D_LOW_FREQ
31418,7,17,2.4285714285714284,1.8126539343499315,0.009497964721845319,0.023066485753052916,0.5286907308520634,D_LOW_FREQ
31419,3,284,94.66666666666667,98.0680036165381,0.004070556309362279,0.3853459972862958,1.0251010830997014,D_LOW_FREQ
31431,1,1,1.0,,0.0013568521031207597,0.0013568521031207597,,D_LOW_FREQ
31434,3,4,1.3333333333333333,0.5773502691896258,0.004070556309362279,0.005427408412483039,0.2474358296526968,D_LOW_FREQ
31435,1,1,1.0,,0.0013568521031207597,0.0013568521031207597,,D_LOW_FREQ
31436,1,50,50.0,,0.0013568521031207597,0.06784260515603799,,D_LOW_FREQ
31437,520,85629,164.67115384615386,207.97590811689605,0.7055630936227951,116.18588873812755,1.2553537733553024,A_HIGH_FREQ_HIGH_VOL
31438,55,5871,106.74545454545455,282.7837295716245,0.07462686567164178,7.966078697421981,2.6245536831656002,D_LOW_FREQ
31439,4,2261,565.25,960.1338014395009,0.005427408412483039,3.067842605156038,1.6956005323434895,D_LOW_FREQ
31440,768,122080,158.95833333333334,174.29045826380718,1.0420624151967435,165.64450474898237,1.0895991139180443,A_HIGH_FREQ_HIGH_VOL
31441,665,65638,98.70375939849625,109.89164049875811,0.9023066485753053,89.06105834464043,1.1021815141347169,A_HIGH_FREQ_HIGH_VOL
31442,271,14462,53.36531365313653,49.941181475973025,0.3677069199457259,19.62279511533243,0.918622152989119,C_MEDIUM_FREQ
31443,71,2245,31.619718309859156,21.71856756469851,0.09633649932157395,3.046132971506106,0.6658110091077696,D_LOW_FREQ
31444,3,371,123.66666666666667,196.24049870843004,0.004070556309362279,0.5033921302578019,1.5741216473938238,D_LOW_FREQ
31445,10,301,30.1,34.26514263796373,0.013568521031207599,0.4084124830393487,1.1017730751756825,D_LOW_FREQ
31446,11,8169,742.6363636363636,1589.2662000261175,0.014925373134328358,11.084124830393487,2.137155036709938,D_LOW_FREQ
31447,190,21293,112.06842105263158,205.38604907885997,0.25780189959294436,28.891451831750338,1.8164757866677557,C_MEDIUM_FREQ
31448,2,35,17.5,19.091883092036785,0.0027137042062415195,0.04748982360922659,1.031993680650637,D_LOW_FREQ
31449,734,126452,172.27792915531336,172.85883373929286,0.9959294436906377,171.57666214382633,0.9975813687405922,A_HIGH_FREQ_HIGH_VOL
31450,8,2584,323.0,819.1968191902532,0.010854816824966078,3.5061058344640434,2.5283852444143617,D_LOW_FREQ
31451,415,54683,131.76626506024095,130.78662350634502,0.5630936227951153,74.1967435549525,0.9850892728435368,A_HIGH_FREQ_HIGH_VOL
31452,12,1103,91.91666666666667,101.63433415331592,0.016282225237449117,1.496607869742198,1.0938224303495883,D_LOW_FREQ
31453,408,42687,104.625,106.91041537877358,0.55359565807327,57.91994572591587,1.0121696130534776,A_HIGH_FREQ_HIGH_VOL
31454,1,25,25.0,,0.0013568521031207597,0.033921302578018994,,D_LOW_FREQ
31455,9,764,84.88888888888889,109.09565120164557,0.012211668928086838,1.0366350067842605,1.2701951627617207,D_LOW_FREQ
31456,129,15725,121.89922480620154,460.99679440590404,0.17503392130257803,21.33649932157395,3.7510146637038995,C_MEDIUM_FREQ
31457,1,1,1.0,,0.0013568521031207597,0.0013568521031207597,,D_LOW_FREQ
31458,35,1811,51.74285714285714,21.14006908712465,0.04748982360922659,2.457259158751696,0.4008138775998715,D_LOW_FREQ
31459,10,244,24.4,19.591381325016933,0.013568521031207599,0.3310719131614654,0.7713142253943674,D_LOW_FREQ
31460,1,5,5.0,,0.0013568521031207597,0.0067842605156037995,,D_LOW_FREQ
31461,998,338719,339.3977955911824,417.94217549959467,1.3541383989145184,459.59158751696066,1.227805176510435,A_HIGH_FREQ_HIGH_VOL
31462,479,69307,144.6910229645094,126.91884758860337,0.649932157394844,94.0393487109905,0.8711507751546301,A_HIGH_FREQ_HIGH_VOL
31463,1465,558886,381.4921501706485,452.4748914928953,1.987788331071913,758.325644504749,1.1829651701113975,A_HIGH_FREQ_HIGH_VOL
31464,258,23903,92.64728682170542,75.12130017306497,0.35006784260515605,32.43283582089552,0.802172734764735,C_MEDIUM_FREQ
31465,8,891,111.375,103.00199373937241,0.010854816824966078,1.208955223880597,0.916591712919888,D_LOW_FREQ
31466,100,7286,72.86,53.55673287611592,0.13568521031207598,9.886024423337856,0.7251114659642015,C_MEDIUM_FREQ
31467,1,1,1.0,,0.0013568521031207597,0.0013568521031207597,,D_LOW_FREQ
31468,1,100,100.0,,0.0013568521031207597,0.13568521031207598,,D_LOW_FREQ
31470,4,111,27.75,25.95348403072954,0.005427408412483039,0.15061058344640435,0.9027298793297232,D_LOW_FREQ
31471,4,62,15.5,16.743157806499145,0.005427408412483039,0.08412483039348712,1.014736836757524,D_LOW_FREQ
31472,137,10262,74.9051094890511,81.43726232069321,0.18588873812754408,13.924016282225237,1.0728824827324712,C_MEDIUM_FREQ
31473,1013,296975,293.16386969397826,1052.3154541378844,1.3744911804613298,402.95115332428765,3.577310344851729,A_HIGH_FREQ_HIGH_VOL
31474,19,2549,134.1578947368421,308.5149488828872,0.025780189959294438,3.4586160108548167,2.2826261794294616,D_LOW_FREQ
31475,202,27426,135.77227722772278,655.0984564821808,0.27408412483039346,37.21302578018996,4.7897020489865545,C_MEDIUM_FREQ
31478,13,2143,164.84615384615384,331.4739422020596,0.017639077340569877,2.9077340569877883,1.9986833249660367,D_LOW_FREQ
31479,3,35,11.666666666666666,15.947831618540915,0.004070556309362279,0.04748982360922659,1.2590393383058618,D_LOW_FREQ
31480,18,561,31.166666666666668,20.508965041142947,0.024423337856173677,0.7611940298507462,0.637584405424133,D_LOW_FREQ
31482,619,128917,208.2665589660743,558.4776565888864,0.8398914518317503,174.921302578019,2.6687381841999187,A_HIGH_FREQ_HIGH_VOL
31483,14,2672,190.85714285714286,452.08846260657657,0.018995929443690638,3.62550881953867,2.35638066883547,D_LOW_FREQ
31484,513,220750,430.31189083820664,941.6048054068985,0.6960651289009498,299.52510176390774,2.18311812265828,A_HIGH_FREQ_HIGH_VOL
31485,196,28770,146.78571428571428,157.82153179283202,0.26594301221166894,39.03663500678426,1.0679078999998302,C_MEDIUM_FREQ
31486,150,19526,130.17333333333335,137.8564444780016,0.20352781546811397,26.493894165535956,1.0509487025665907,C_MEDIUM_FREQ
31487,71,3358,47.29577464788732,33.950129125021505,0.09633649932157395,4.556309362279512,0.7029627202906173,D_LOW_FREQ
31488,17,883,51.94117647058823,46.191815547014514,0.023066485753052916,1.198100407055631,0.8725120714436075,D_LOW_FREQ
31490,110,12562,114.2,85.25372815975624,0.14925373134328357,17.044776119402986,0.7400497236089951,C_MEDIUM_FREQ
31492,1,1,1.0,,0.0013568521031207597,0.0013568521031207597,,D_LOW_FREQ
31493,855,544425,636.7543859649123,868.2453114573914,1.1601085481682496,738.7042062415197,1.36141017696609,A_HIGH_FREQ_HIGH_VOL
31494,408,90731,222.3799019607843,287.7984472317093,0.55359565807327,123.10854816824965,1.2883811153352285,A_HIGH_FREQ_HIGH_VOL
31495,281,50668,180.31316725978647,211.3045402230185,0.3812754409769335,68.74898236092265,1.1654119963624057,C_MEDIUM_FREQ
31496,170,11577,68.1,56.384421240089715,0.23066485753052918,15.708276797829036,0.8159829412458715,C_MEDIUM_FREQ
31497,25,1482,59.28,46.29211595941582,0.033921302578018994,2.010854816824966,0.7679514923592538,D_LOW_FREQ
31498,3,81,27.0,22.516660498395403,0.004070556309362279,0.10990502035278155,0.8041664463712644,D_LOW_FREQ
31499,179,26667,148.9776536312849,144.08408731340018,0.24287652645861602,36.1831750339213,0.9607037036839243,C_MEDIUM_FREQ
31501,238,92842,390.0924369747899,625.1975146684624,0.3229308005427408,125.97286295793758,1.5985926997324245,C_MEDIUM_FREQ
31502,107,18353,171.52336448598132,224.16816235805777,0.1451831750339213,24.902306648575305,1.299349586799143,C_MEDIUM_FREQ
31503,77,8728,113.35064935064935,115.71843848821905,0.1044776119402985,11.842605156037992,1.0119613587271854,C_MEDIUM_FREQ
31504,58,3821,65.87931034482759,74.20977322173472,0.07869742198100407,5.184531886024423,1.1096073335551981,D_LOW_FREQ
31505,7,361,51.57142857142857,49.97284977150807,0.009497964721845319,0.4898236092265943,0.950570511958034,D_LOW_FREQ
31506,1,1,1.0,,0.0013568521031207597,0.0013568521031207597,,D_LOW_FREQ
31507,39,3791,97.2051282051282,68.15855334484496,0.052917232021709636,5.1438263229308,0.6940427102999879,D_LOW_FREQ
31508,1,1,1.0,,0.0013568521031207597,0.0013568521031207597,,D_LOW_FREQ
31509,559,239880,429.12343470483006,554.1725312698096,0.7584803256445047,325.48168249660785,1.2884034827121373,A_HIGH_FREQ_HIGH_VOL
31510,249,40439,162.40562248995985,214.68568577792414,0.3378561736770692,54.869742198100404,1.3138206783008037,C_MEDIUM_FREQ
31511,195,25498,130.75897435897437,140.79918564876365,0.2645861601085482,34.59701492537314,1.068611730880353,C_MEDIUM_FREQ
31512,104,7182,69.0576923076923,61.86735370788885,0.14111261872455902,9.744911804613297,0.8830915160060995,C_MEDIUM_FREQ
31513,20,933,46.65,22.26698051044711,0.027137042062415198,1.2659430122116688,0.46730284387087323,D_LOW_FREQ
31514,1,1,1.0,,0.0013568521031207597,0.0013568521031207597,,D_LOW_FREQ
31515,112,13184,117.71428571428571,108.30599199577048,0.1519674355495251,17.888738127544098,0.9123248423229764,C_MEDIUM_FREQ
31516,1,1,1.0,,0.0013568521031207597,0.0013568521031207597,,D_LOW_FREQ
31517,140,24691,176.36428571428573,190.41099851532016,0.18995929443690637,33.50203527815468,1.07355884950847,C_MEDIUM_FREQ
31518,14,1431,102.21428571428571,106.24150903370227,0.018995929443690638,1.9416553595658073,1.029329499288465,D_LOW_FREQ
31519,2,80,40.0,28.284271247461902,0.0027137042062415195,0.10854816824966079,0.6898602743283391,D_LOW_FREQ
31520,16,1131,70.6875,77.85860581849639,0.021709633649932156,1.5345997286295794,1.0860834290287202,D_LOW_FREQ
31521,7,498,71.14285714285714,56.117224246597026,0.009497964721845319,0.6757123473541384,0.7778625143092658,D_LOW_FREQ
31522,8,857,107.125,138.56967046012838,0.010854816824966078,1.162822252374491,1.2815692065676614,D_LOW_FREQ
31523,12,1182,98.5,96.81237712005817,0.016282225237449117,1.6037991858887382,0.972988714774454,D_LOW_FREQ
31524,14,1566,111.85714285714286,161.73333091750237,0.018995929443690638,2.12483039348711,1.4330801473702741,D_LOW_FREQ
31525,19,1476,77.6842105263158,101.7824764614218,0.025780189959294438,2.0027137042062417,1.293556557034792,D_LOW_FREQ
31526,4,561,140.25,31.308944408906537,0.005427408412483039,0.7611940298507462,0.22165624360287814,D_LOW_FREQ
31527,2,210,105.0,63.63961030678928,0.0027137042062415195,0.28493894165535955,0.6003736821395215,D_LOW_FREQ
31528,96,19007,197.98958333333334,204.44850051794234,0.13025780189959293,25.78968792401628,1.027433180637725,C_MEDIUM_FREQ
31529,6,690,115.0,66.85805860178712,0.008141112618724558,0.9362279511533242,0.5763625741533372,D_LOW_FREQ
31530,3,248,82.66666666666667,76.5593451730965,0.004070556309362279,0.33649932157394846,0.9150519343397988,D_LOW_FREQ
31531,297,83661,281.6868686868687,339.1495518343177,0.40298507462686567,113.51560379918588,1.1997357833058477,C_MEDIUM_FREQ
31532,58,11877,204.77586206896552,206.98156906704116,0.07869742198100407,16.115332428765264,1.0058593218172087,D_LOW_FREQ
31541,2,101,50.5,70.0035713374682,0.0027137042062415195,0.13704206241519673,1.3592926473294797,D_LOW_FREQ
31542,1,10,10.0,,0.0013568521031207597,0.013568521031207599,,D_LOW_FREQ
31543,885,261603,295.5966101694915,284.8456774171713,1.2008141112618724,354.95658073270016,0.9603807584125622,A_HIGH_FREQ_HIGH_VOL
31544,86,7054,82.02325581395348,40.47046177564311,0.11668928086838534,9.57123473541384,0.4874593435161495,C_MEDIUM_FREQ
31545,3,400,133.33333333333334,57.735026918962575,0.004070556309362279,0.5427408412483039,0.4297892822751556,D_LOW_FREQ
31546,1,1,1.0,,0.0013568521031207597,0.0013568521031207597,,D_LOW_FREQ
31547,17,1888,111.05882352941177,110.86504779924739,0.023066485753052916,2.5617367706919945,0.989346883247877,D_LOW_FREQ
31548,184,20015,108.77717391304348,89.96604897363157,0.2496607869742198,27.15739484396201,0.8195332942793311,C_MEDIUM_FREQ
31549,1654,696456,421.07376058041115,557.7943009339477,2.244233378561737,944.9877883310719,1.3215564506234683,A_HIGH_FREQ_HIGH_VOL
31550,98,43050,439.2857142857143,599.9677826401895,0.13297150610583447,58.412483039348714,1.3626782863339801,C_MEDIUM_FREQ
31551,1583,619258,391.19267214150346,456.3897270481865,2.1478968792401627,840.2415196743555,1.1636875430541462,A_HIGH_FREQ_HIGH_VOL
31552,548,100718,183.7919708029197,177.48851333778862,0.7435549525101763,136.6594301221167,0.9604774090919772,A_HIGH_FREQ_HIGH_VOL
31553,139,15902,114.40287769784173,120.74705381975826,0.18860244233378562,21.576662143826322,1.0463088635961846,C_MEDIUM_FREQ
31554,3082,4102162,1331.006489292667,1648.3840071646966,4.181818181818182,5566.027137042062,1.2375195019057563,A_HIGH_FREQ_HIGH_VOL
31555,23,6950,302.17391304347825,394.9908689593531,0.031207598371777476,9.430122116689281,1.3028524288061267,D_LOW_FREQ
31556,529,126736,239.5765595463138,292.4037433865616,0.7177747625508819,171.96200814111262,1.215429067312231,A_HIGH_FREQ_HIGH_VOL
31557,2076,1338266,644.6368015414258,775.2027621733151,2.8168249660786975,1815.8290366350068,1.2006793298067227,A_HIGH_FREQ_HIGH_VOL
31558,271,48957,180.6531365313653,168.61814623617985,0.3677069199457259,66.42740841248303,0.9282424154953429,C_MEDIUM_FREQ
31559,16,5100,318.75,292.61749776799064,0.021709633649932156,6.919945725915875,0.9151446372728401,D_LOW_FREQ
31560,86,16299,189.52325581395348,242.5477867649364,0.11668928086838534,22.115332428765264,1.273061315946569,C_MEDIUM_FREQ
31561,6,625,104.16666666666667,100.5194840151235,0.008141112618724558,0.8480325644504749,0.9558112584639318,D_LOW_FREQ
31563,5,1700,340.0,207.3644135332772,0.0067842605156037995,2.306648575305292,0.6081067845550651,D_LOW_FREQ
31564,141,13614,96.55319148936171,75.47482319403082,0.19131614654002713,18.472184531886025,0.773678667419727,C_MEDIUM_FREQ
31565,2678,2466853,921.1549663928305,1251.5043112089468,3.633649932157395,3347.1546811397557,1.3571518419560473,A_HIGH_FREQ_HIGH_VOL
31566,54,7956,147.33333333333334,216.84495809000632,0.07327001356852103,10.795115332428765,1.4618761219550986,D_LOW_FREQ
31567,217,22971,105.85714285714286,85.15287373167098,0.2944369063772049,31.168249660786973,0.7968851819808781,C_MEDIUM_FREQ
31568,22,2200,100.0,80.17837257372733,0.029850746268656716,2.985074626865672,0.7938452730072013,D_LOW_FREQ
31569,1493,666248,446.24782317481584,542.0074346223873,2.0257801899592947,904.0,1.2118727169534658,A_HIGH_FREQ_HIGH_VOL
31570,28,4265,152.32142857142858,146.83400897093352,0.037991858887381276,5.786974219810041,0.9576874566005447,D_LOW_FREQ
31572,1,1,1.0,,0.0013568521031207597,0.0013568521031207597,,D_LOW_FREQ
31573,3,160,53.333333333333336,40.414518843273804,0.004070556309362279,0.21709633649932158,0.7438255001829535,D_LOW_FREQ
31574,121,21271,175.79338842975207,132.36659431010605,0.16417910447761194,28.861601085481684,0.7487078305685692,C_MEDIUM_FREQ
31575,9,912,101.33333333333333,121.28788068063518,0.012211668928086838,1.237449118046133,1.1852235897130474,D_LOW_FREQ
31576,1,100,100.0,,0.0013568521031207597,0.13568521031207598,,D_LOW_FREQ
31577,5,254,50.8,70.00499982144133,0.0067842605156037995,0.344640434192673,1.351447873000798,D_LOW_FREQ
31578,117,17710,151.36752136752136,110.22630312934405,0.1587516960651289,24.029850746268657,0.723423877608866,C_MEDIUM_FREQ
31579,255,50007,196.10588235294117,210.80098594153475,0.34599728629579374,67.85210312075984,1.0694809481336072,C_MEDIUM_FREQ
31580,38,6210,163.42105263157896,129.9934783351566,0.051560379918588875,8.426051560379918,0.7906133445480074,D_LOW_FREQ
31582,11,1168,106.18181818181819,68.07762948548985,0.014925373134328358,1.5848032564450474,0.6351602411708128,D_LOW_FREQ
31583,12,927,77.25,59.39869144564168,0.016282225237449117,1.2578018995929443,0.7590887085705007,D_LOW_FREQ
31584,1641,754612,459.848872638635,490.4349541170216,2.226594301221167,1023.8968792401628,1.0641990970032944,A_HIGH_FREQ_HIGH_VOL
31585,1,200,200.0,,0.0013568521031207597,0.27137042062415195,,D_LOW_FREQ
31586,103,15763,153.03883495145632,133.91875810049302,0.13975576662143827,21.388059701492537,0.8693830886392777,C_MEDIUM_FREQ
31587,1321,421912,319.3883421650265,293.73012219071745,1.7924016282225237,572.472184531886,0.9167940387775475,A_HIGH_FREQ_HIGH_VOL
31588,36,5968,165.77777777777777,139.14475732870247,0.048846675712347354,8.097693351424695,0.8343123357483826,D_LOW_FREQ
31589,112,23715,211.74107142857142,936.8650594184854,0.1519674355495251,32.17774762550882,4.403780864350122,C_MEDIUM_FREQ
31590,3,1700,566.6666666666666,550.7570547286102,0.004070556309362279,2.306648575305292,0.9702120752705994,D_LOW_FREQ
31591,41,6644,162.0487804878049,173.46439854037948,0.05563093622795115,9.014925373134329,1.0638803799783931,D_LOW_FREQ
31592,2,295,147.5,74.24621202458749,0.0027137042062415195,0.40027137042062416,0.4999744917480639,D_LOW_FREQ
31593,1,20,20.0,,0.0013568521031207597,0.027137042062415198,,D_LOW_FREQ
31594,395,60535,153.25316455696202,116.14087240286358,0.5359565807327001,82.13704206241519,0.7529237583970313,A_HIGH_FREQ_HIGH_VOL
31595,514,153477,298.5933852140078,286.53999655331774,0.6974219810040706,208.24559023066485,0.9564296499691884,A_HIGH_FREQ_HIGH_VOL
31596,84,29601,352.39285714285717,410.82960492850833,0.11397557666214382,40.16417910447761,1.162529453056921,C_MEDIUM_FREQ
31597,25,2901,116.04,62.372857344628144,0.033921302578018994,3.9362279511533242,0.5329191502446013,D_LOW_FREQ
31599,2,300,150.0,70.71067811865476,0.0027137042062415195,0.40705563093622793,0.4682826365473825,D_LOW_FREQ
31600,160,38332,239.575,256.5451288655743,0.21709633649932158,52.01085481682497,1.0663831606175802,C_MEDIUM_FREQ
31601,1,1,1.0,,0.0013568521031207597,0.0013568521031207597,,D_LOW_FREQ
31626,5,124,24.8,11.627553482998906,0.0067842605156037995,0.16824966078697423,0.4506803675580971,D_LOW_FREQ
31628,37,1579,42.67567567567568,28.990471666522563,0.050203527815468114,2.1424694708276797,0.6637669874141923,D_LOW_FREQ
31629,2,60,30.0,0.0,0.0027137042062415195,0.0814111261872456,0.0,D_LOW_FREQ
31630,14,743,53.07142857142857,50.26003808764403,0.018995929443690638,1.0081411126187245,0.9295119329286875,D_LOW_FREQ
31631,21,2357,112.23809523809524,119.02096654031372,0.028493894165535955,3.198100407055631,1.0510682495149655,D_LOW_FREQ
31632,17,1861,109.47058823529412,129.39190355614355,0.023066485753052916,2.525101763907734,1.1712792121695634,D_LOW_FREQ
31633,24,2488,103.66666666666667,105.49208363732764,0.032564450474898234,3.3758480325644507,1.0078861494012195,D_LOW_FREQ
31634,78,7271,93.21794871794872,99.96397369700765,0.10583446404341927,9.865671641791044,1.060986521753517,C_MEDIUM_FREQ
31635,72,5878,81.63888888888889,77.85275114419449,0.09769335142469471,7.975576662143826,0.9420837113247064,D_LOW_FREQ
31636,87,7747,89.04597701149426,73.40409152242142,0.11804613297150611,10.511533242876526,0.8151845752426172,C_MEDIUM_FREQ
31637,105,6600,62.857142857142854,34.63058579532654,0.14246947082767977,8.955223880597014,0.5423134240878876,C_MEDIUM_FREQ
31638,9,840,93.33333333333333,52.91502622129181,0.012211668928086838,1.1397557666214382,0.5609366737239415,D_LOW_FREQ
31639,56,4805,85.80357142857143,88.23695775742563,0.07598371777476255,6.519674355495251,1.016512987948125,D_LOW_FREQ
31640,21,1602,76.28571428571429,54.35820348129881,0.028493894165535955,2.1736770691994574,0.703340895321796,D_LOW_FREQ
31641,5,317,63.4,116.80881816027419,0.0067842605156037995,0.43012211668928085,1.8138015242278598,D_LOW_FREQ
31642,7,224,32.0,13.711309200802088,0.009497964721845319,0.3039348710990502,0.41549421820612387,D_LOW_FREQ
31643,6,180,30.0,0.0,0.008141112618724558,0.24423337856173677,0.0,D_LOW_FREQ
31644,24,654,27.25,11.685181995196718,0.032564450474898234,0.8873812754409769,0.4136347608919192,D_LOW_FREQ
31645,2,64,32.0,0.0,0.0027137042062415195,0.08683853459972862,0.0,D_LOW_FREQ
31646,1,30,30.0,,0.0013568521031207597,0.0407055630936228,,D_LOW_FREQ
31647,115,116358,1011.8086956521739,1310.2083127238734,0.1560379918588874,157.88059701492537,1.2936384910086067,C_MEDIUM_FREQ
31649,2,30800,15400.0,21496.046148071044,0.0027137042062415195,41.791044776119406,1.3957565189319554,D_LOW_FREQ
31650,3,601,200.33333333333334,199.50020885536267,0.004070556309362279,0.8154681139755766,0.9908950770961722,D_LOW_FREQ
31651,5,22602,4520.4,9883.69770379487,0.0067842605156037995,30.667571234735412,2.1859817100444268,D_LOW_FREQ
31652,3,16601,5533.666666666667,9411.046718263242,0.004070556309362279,22.525101763907735,1.7003818450246762,D_LOW_FREQ
31653,5,76142,15228.4,33749.054687501986,0.0067842605156037995,103.31343283582089,2.2160462452560172,D_LOW_FREQ
31654,7,2001,285.85714285714283,323.5225023453694,0.009497964721845319,2.7150610583446406,1.1278174882557699,D_LOW_FREQ
31655,5,6601,1320.2,1803.147304021499,0.0067842605156037995,8.956580732700136,1.3647799757958665,D_LOW_FREQ
31656,4,15406,3851.5,7566.236779271449,0.005427408412483039,20.903663500678427,1.9639809939705255,D_LOW_FREQ
31657,1,200,200.0,,0.0013568521031207597,0.27137042062415195,,D_LOW_FREQ
31658,78,78580,1007.4358974358975,1652.028163887969,0.10583446404341927,106.62143826322931,1.6382084057980317,C_MEDIUM_FREQ
31659,2,32601,16300.5,23050.973959900264,0.0027137042062415195,44.23473541383989,1.414040055203525,D_LOW_FREQ
31660,2,33001,16500.5,23333.81667237488,0.0027137042062415195,44.777476255088196,1.4140421581295568,D_LOW_FREQ
31661,314,434491,1383.7292993630574,1808.9246871915752,0.4260515603799186,589.5400271370421,1.3063381326759227,C_MEDIUM_FREQ
31662,222,230238,1037.1081081081081,1012.9558141757334,0.3012211668928087,312.3989145183175,0.9757710264124482,C_MEDIUM_FREQ
31663,226,51609,228.358407079646,305.57901301573963,0.3066485753052917,70.02578018995929,1.3323209596133339,C_MEDIUM_FREQ
31664,23,3204,139.30434782608697,234.38166907507713,0.031207598371777476,4.347354138398915,1.67052320691874,D_LOW_FREQ
31665,263,70043,266.3231939163498,252.2575589809797,0.3568521031207598,95.03799185888738,0.9436426195772433,C_MEDIUM_FREQ
31666,217,37633,173.42396313364054,170.32676921728608,0.2944369063772049,51.06241519674356,0.9765101432008212,C_MEDIUM_FREQ
31667,101,6800,67.32673267326733,67.81815522570503,0.13704206241519673,9.226594301221168,0.9925566842191288,C_MEDIUM_FREQ
31668,26,1493,57.42307692307692,82.94874228192882,0.035278154681139755,2.0257801899592947,1.419794140441178,D_LOW_FREQ
31669,1,1100,1100.0,,0.0013568521031207597,1.492537313432836,,D_LOW_FREQ
31671,5,11832,2366.4,3332.5453935392993,0.0067842605156037995,16.05427408412483,1.4076815888904701,D_LOW_FREQ
31672,52,8322,160.03846153846155,303.12004750195376,0.07055630936227951,11.291723202170964,1.8822835526751367,D_LOW_FREQ
31673,1,1300,1300.0,,0.0013568521031207597,1.7639077340569878,,D_LOW_FREQ
31674,271,72568,267.77859778597787,416.2742628491692,0.3677069199457259,98.4640434192673,1.548762685266476,C_MEDIUM_FREQ
31675,2,1629,814.5,757.3113626507924,0.0027137042062415195,2.2103120759837176,0.9286466740046504,D_LOW_FREQ
31676,128,22157,173.1015625,157.13086174929097,0.17367706919945725,30.063772048846676,0.9025241330001904,C_MEDIUM_FREQ
31677,2,193,96.5,4.949747468305833,0.0027137042062415195,0.2618724559023066,0.05076664070057264,D_LOW_FREQ
31678,74,8473,114.5,98.20209104154304,0.10040705563093623,11.496607869742197,0.8502345544722342,C_MEDIUM_FREQ
31680,1,50,50.0,,0.0013568521031207597,0.06784260515603799,,D_LOW_FREQ
31681,47,9268,197.19148936170214,493.11021072980685,0.06377204884667571,12.575305291723202,2.488049372442396,D_LOW_FREQ
31683,18,1558,86.55555555555556,68.50265964971702,0.024423337856173677,2.1139755766621438,0.7823907828013364,D_LOW_FREQ
31684,1,1,1.0,,0.0013568521031207597,0.0013568521031207597,,D_LOW_FREQ
31686,482,263107,545.8651452282157,624.9517107905551,0.6540027137042063,356.99728629579374,1.1427894358302038,A_HIGH_FREQ_HIGH_VOL
31687,181,35689,197.1767955801105,200.75552216760005,0.24559023066485752,48.424694708276796,1.0130122529226542,C_MEDIUM_FREQ
31688,491,196189,399.5702647657841,496.2138535149275,0.666214382632293,266.19945725915875,1.2387685686182093,A_HIGH_FREQ_HIGH_VOL
31689,55,10497,190.85454545454544,301.80625488583814,0.07462686567164178,14.242876526458616,1.573099319439073,D_LOW_FREQ
31690,2,200,100.0,0.0,0.0027137042062415195,0.27137042062415195,0.0,D_LOW_FREQ
31691,31,8296,267.61290322580646,880.9394862841737,0.04206241519674356,11.256445047489823,3.2795873753824165,D_LOW_FREQ
31692,2,150,75.0,35.35533905932738,0.0027137042062415195,0.20352781546811397,0.4652018297279918,D_LOW_FREQ
31695,2,30,15.0,7.0710678118654755,0.0027137042062415195,0.0407055630936228,0.4419417382415922,D_LOW_FREQ
31696,3,46,15.333333333333334,12.858201014657274,0.004070556309362279,0.06241519674355495,0.7872367968157513,D_LOW_FREQ
31697,28,5263,187.96428571428572,471.4200361981877,0.037991858887381276,7.141112618724559,2.4947573263181355,D_LOW_FREQ
31698,377,136393,361.7851458885942,492.63753775829525,0.5115332428765265,185.0651289009498,1.3579319422013403,A_HIGH_FREQ_HIGH_VOL
31699,4,2788,697.0,566.6080361825683,0.005427408412483039,3.7829036635006785,0.8117593641584073,D_LOW_FREQ
31700,64,15569,243.265625,851.5341755519482,0.08683853459972862,21.12483039348711,3.4860991003214155,D_LOW_FREQ
31703,10,4500,450.0,689.202437604511,0.013568521031207599,6.1058344640434195,1.528165050120867,D_LOW_FREQ
31705,4,70,17.5,14.6401275039985,0.005427408412483039,0.09497964721845319,0.7913582434593783,D_LOW_FREQ
31706,239,65057,272.2050209205021,331.7938951853206,0.3242876526458616,88.27272727272727,1.214450210568666,C_MEDIUM_FREQ
31707,6,3062,510.3333333333333,981.8312821797168,0.008141112618724558,4.154681139755767,1.9201394045235662,D_LOW_FREQ
31708,14,5372,383.7142857142857,758.5202627557085,0.018995929443690638,7.289009497964722,1.9716456885592124,D_LOW_FREQ
31709,1,700,700.0,,0.0013568521031207597,0.9497964721845319,,D_LOW_FREQ
31711,2,7241,3620.5,5118.745989009418,0.0027137042062415195,9.824966078697422,1.4134325525360811,D_LOW_FREQ
31712,2,601,300.5,423.556961930742,0.0027137042062415195,0.8154681139755766,1.4048323778797411,D_LOW_FREQ
31713,2,1101,550.5,777.1103525240158,0.0027137042062415195,1.4938941655359566,1.4090849547126305,D_LOW_FREQ
31714,2,1640,820.0,876.812408671319,0.0027137042062415195,2.225237449118046,1.067981009343872,D_LOW_FREQ
31715,1,9730,9730.0,,0.0013568521031207597,13.202170963364994,,D_LOW_FREQ
31718,8,1300,162.5,91.61253813129044,0.010854816824966078,1.7639077340569878,0.5603213341363329,D_LOW_FREQ
31719,1,1000,1000.0,,0.0013568521031207597,1.3568521031207599,,D_LOW_FREQ
31720,1,1800,1800.0,,0.0013568521031207597,2.4423337856173677,,D_LOW_FREQ
31721,46,10805,234.8913043478261,195.61961140731717,0.06241519674355495,14.66078697421981,0.8292786033302543,D_LOW_FREQ
31722,64,10739,167.796875,99.55475157674763,0.08683853459972862,14.57123473541384,0.5897902527919882,D_LOW_FREQ
31723,1417,2206188,1556.9428369795341,2194.4812724983335,1.9226594301221167,2993.470827679783,1.4085762458094355,A_HIGH_FREQ_HIGH_VOL
31724,1426,833924,584.7994389901824,694.6498078431516,1.9348710990502036,1131.5115332428766,1.1858150786907693,A_HIGH_FREQ_HIGH_VOL
31725,1779,1655176,930.3968521641372,1112.2042488853738,2.4138398914518318,2245.8290366350066,1.1941249815276094,A_HIGH_FREQ_HIGH_VOL
31726,416,187871,451.6129807692308,529.5358292254674,0.5644504748982361,254.91316146540026,1.1699528111754631,A_HIGH_FREQ_HIGH_VOL
31727,315,117199,372.06031746031744,438.28294766062936,0.42740841248303935,159.02170963364992,1.1748313265917105,C_MEDIUM_FREQ
31728,141,59795,424.07801418439715,349.61910030615536,0.19131614654002713,81.13297150610583,0.8224822000662024,C_MEDIUM_FREQ
31729,1072,556682,519.2929104477612,602.8023988427145,1.4545454545454546,755.3351424694708,1.1585827650888922,A_HIGH_FREQ_HIGH_VOL
31730,1060,222338,209.75283018867924,215.56908727720528,1.4382632293080053,301.6797829036635,1.0228526330309027,A_HIGH_FREQ_HIGH_VOL
31731,1090,346851,318.2119266055046,329.9561509740567,1.4789687924016282,470.62550881953865,1.033658593157236,A_HIGH_FREQ_HIGH_VOL
31732,1453,1926574,1325.9284239504473,1647.7650701111195,1.971506105834464,2614.0759837177748,1.2417889619136333,A_HIGH_FREQ_HIGH_VOL
31733,666,91855,137.9204204204204,144.84388683097464,0.903663500678426,124.6336499321574,1.042639277887497,A_HIGH_FREQ_HIGH_VOL
31734,524,47066,89.8206106870229,105.24349566295615,0.7109905020352781,63.86160108548168,1.1588062981170208,A_HIGH_FREQ_HIGH_VOL
31737,408,204582,501.4264705882353,572.2247882950853,0.55359565807327,277.58751696065127,1.1389224529215807,A_HIGH_FREQ_HIGH_VOL
31740,425,199380,469.1294117647059,667.6628906653322,0.576662143826323,270.52917232021707,1.4201683067629247,A_HIGH_FREQ_HIGH_VOL
31741,3,42,14.0,4.58257569495584,0.004070556309362279,0.05698778833107191,0.30550504633038933,D_LOW_FREQ
31742,34,2241,65.91176470588235,239.20668983842845,0.04613297150610583,3.040705563093623,3.5749571228600296,D_LOW_FREQ
31743,37,1955,52.83783783783784,152.93163205852503,0.050203527815468114,2.6526458616010853,2.8405975834163786,D_LOW_FREQ
31744,3,12,4.0,5.196152422706632,0.004070556309362279,0.016282225237449117,1.0392304845413265,D_LOW_FREQ
31745,31,801,25.838709677419356,28.691574575350568,0.04206241519674356,1.0868385345997287,1.0690370334565715,D_LOW_FREQ
31746,1,18,18.0,,0.0013568521031207597,0.024423337856173677,,D_LOW_FREQ
31747,1,11,11.0,,0.0013568521031207597,0.014925373134328358,,D_LOW_FREQ
31748,2,12,6.0,0.0,0.0027137042062415195,0.016282225237449117,0.0,D_LOW_FREQ
31749,1,2,2.0,,0.0013568521031207597,0.0027137042062415195,,D_LOW_FREQ
31750,1,480,480.0,,0.0013568521031207597,0.6512890094979648,,D_LOW_FREQ
31752,2,481,240.5,338.70414818835627,0.0027137042062415195,0.6526458616010855,1.4025016488130695,D_LOW_FREQ
31753,2,481,240.5,338.70414818835627,0.0027137042062415195,0.6526458616010855,1.4025016488130695,D_LOW_FREQ
31754,252,198791,788.8531746031746,1376.1979896233202,0.3419267299864315,269.72998643147895,1.7423465953842974,C_MEDIUM_FREQ
31755,192,84936,442.375,530.6126509425817,0.26051560379918587,115.24559023066486,1.1967581639528202,C_MEDIUM_FREQ
31756,480,334921,697.7520833333333,1229.0357996674165,0.6512890094979648,454.438263229308,1.7589010880717706,A_HIGH_FREQ_HIGH_VOL
31757,435,220034,505.82528735632184,688.0550741571217,0.5902306648575305,298.5535956580733,1.3575784226278884,A_HIGH_FREQ_HIGH_VOL
31759,283,55272,195.30742049469964,323.6077229439933,0.383989145183175,74.99592944369064,1.648474225418956,C_MEDIUM_FREQ
31760,859,240328,279.7764842840512,636.5958464055655,1.1655359565807326,326.089552238806,2.2672690985102046,A_HIGH_FREQ_HIGH_VOL
31761,499,534121,1070.3827655310622,2021.8004749295285,0.6770691994572592,724.7232021709634,1.8870944539856995,A_HIGH_FREQ_HIGH_VOL
31762,566,355604,628.2756183745583,1112.60601444046,0.76797829036635,482.50203527815466,1.7680742459311574,A_HIGH_FREQ_HIGH_VOL
31763,328,112186,342.030487804878,543.8388514214093,0.4450474898236092,152.21981004070557,1.585395090977321,C_MEDIUM_FREQ
31765,275,90619,329.52363636363634,864.4745220402979,0.373134328358209,122.95658073270013,2.615469597125024,C_MEDIUM_FREQ
31766,738,421833,571.589430894309,771.0020234822912,1.0013568521031209,572.3649932157394,1.3465180841324438,A_HIGH_FREQ_HIGH_VOL
31767,329,86656,263.39209726443767,405.41901848225194,0.44640434192673,117.57937584803257,1.5334006677089256,C_MEDIUM_FREQ
31769,672,191247,284.59375,440.1390616411359,0.9118046132971506,259.49389416553595,1.541136882866435,A_HIGH_FREQ_HIGH_VOL
31770,340,53905,158.5441176470588,252.34224511040694,0.46132971506105835,73.14111261872456,1.5816455588079705,C_MEDIUM_FREQ
31771,35,7474,213.54285714285714,323.5469183957117,0.04748982360922659,10.14111261872456,1.5080759280663085,D_LOW_FREQ
31772,663,717679,1082.47209653092,2493.6777827215283,0.8995929443690638,973.7842605156038,2.3015616098520946,A_HIGH_FREQ_HIGH_VOL
31773,552,334330,605.6702898550725,1362.6134758471865,0.7489823609226595,453.6363636363636,2.2460527549036584,A_HIGH_FREQ_HIGH_VOL
31775,277,35955,129.8014440433213,255.4448242943606,0.3758480325644505,48.78561736770692,1.952920521349577,C_MEDIUM_FREQ
31776,171,12221,71.46783625730994,89.33277420769836,0.23202170963364993,16.582089552238806,1.2327230785600727,C_MEDIUM_FREQ
31777,262,19439,74.19465648854961,123.29221235142913,0.35549525101763907,26.375848032564452,1.6396406089068796,C_MEDIUM_FREQ
31778,178,9736,54.69662921348315,103.87529512702311,0.24151967435549526,13.210312075983717,1.8650194202753796,C_MEDIUM_FREQ
31779,283,73023,258.0318021201413,355.2918823728938,0.383989145183175,99.08141112618725,1.3716149116242728,C_MEDIUM_FREQ
31780,282,51137,181.3368794326241,336.0897026741644,0.38263229308005425,69.3853459972863,1.8432349161616206,C_MEDIUM_FREQ
31781,281,40220,143.13167259786476,325.0957558282629,0.3812754409769335,54.57259158751696,2.2555469590316752,C_MEDIUM_FREQ
31782,262,139615,532.8816793893129,1000.4076589225441,0.35549525101763907,189.43690637720488,1.8738377763156673,C_MEDIUM_FREQ
31783,196,55807,284.7295918367347,486.73048756995803,0.26594301221166894,75.72184531886025,1.7034654494172057,C_MEDIUM_FREQ
31784,280,58941,210.50357142857143,331.518965309617,0.37991858887381275,79.97421981004071,1.5674390889497434,C_MEDIUM_FREQ
31785,251,29909,119.1593625498008,178.5731404830862,0.3405698778833107,40.582089552238806,1.4861358839938539,C_MEDIUM_FREQ
31786,217,87539,403.40552995391704,518.5399387871934,0.2944369063772049,118.77747625508819,1.282227616537,C_MEDIUM_FREQ
31787,253,25703,101.59288537549408,157.43745378385398,0.34328358208955223,34.87516960651289,1.5345845202386752,C_MEDIUM_FREQ
31788,74,32384,437.6216216216216,809.3068351983097,0.10040705563093623,43.940298507462686,1.8451138642145208,C_MEDIUM_FREQ
31789,135,96771,716.8222222222222,1315.4625079987075,0.18317503392130258,131.30393487109905,1.832574232553459,C_MEDIUM_FREQ
31790,295,193669,656.5050847457627,1516.7679988676655,0.40027137042062416,262.78018995929443,2.306853641221883,C_MEDIUM_FREQ
31792,1,12,12.0,,0.0013568521031207597,0.016282225237449117,,D_LOW_FREQ
31794,171,23000,134.50292397660817,495.3642198277119,0.23202170963364993,31.207598371777475,3.655745612642473,C_MEDIUM_FREQ
31795,5,531,106.2,162.05770577174044,0.0067842605156037995,0.7204884667571235,1.5117323299602654,D_LOW_FREQ
31796,248,34767,140.18951612903226,412.0085593856666,0.33649932157394846,47.17367706919946,2.918124310371136,C_MEDIUM_FREQ
31798,404,75241,186.240099009901,207.66573225580584,0.5481682496607869,102.0909090909091,1.1090879216252965,A_HIGH_FREQ_HIGH_VOL
31799,448,82722,184.64732142857142,317.3239344367377,0.6078697421981004,112.2415196743555,1.7092836675202419,A_HIGH_FREQ_HIGH_VOL
31800,39,1828,46.87179487179487,39.72151709562297,0.052917232021709636,2.480325644504749,0.8297478129241007,D_LOW_FREQ
31801,355,52679,148.39154929577464,236.27020927910186,0.4816824966078697,71.4776119402985,1.5815500300577208,C_MEDIUM_FREQ
31802,54,4493,83.20370370370371,56.13977825931351,0.07327001356852103,6.096336499321574,0.6667138830004243,D_LOW_FREQ
31803,218,31155,142.91284403669724,415.9527475824234,0.29579375848032563,42.27272727272727,2.890310106555583,C_MEDIUM_FREQ
31805,8,2993,374.125,593.1018793476499,0.010854816824966078,4.0610583446404345,1.5810779855985335,D_LOW_FREQ
31809,42,2632,62.666666666666664,57.263476065088035,0.05698778833107191,3.57123473541384,0.8994263256296551,D_LOW_FREQ
31810,6,140,23.333333333333332,25.32719223811962,0.008141112618724558,0.18995929443690637,1.040843516635053,D_LOW_FREQ
31811,22,1965,89.31818181818181,47.26559844682807,0.029850746268656716,2.666214382632293,0.5233231836085644,D_LOW_FREQ
31813,82,8874,108.21951219512195,81.5882502419122,0.1112618724559023,12.040705563093622,0.747011670370344,C_MEDIUM_FREQ
31814,47,5206,110.76595744680851,77.2613331396753,0.06377204884667571,7.063772048846675,0.6912778712287719,D_LOW_FREQ
31815,3,180,60.0,0.0,0.004070556309362279,0.24423337856173677,0.0,D_LOW_FREQ
31816,1,12,12.0,,0.0013568521031207597,0.016282225237449117,,D_LOW_FREQ
31817,33,2594,78.60606060606061,87.72148375467216,0.04477611940298507,3.519674355495251,1.1019447902185693,D_LOW_FREQ
31818,2,36,18.0,8.48528137423857,0.0027137042062415195,0.048846675712347354,0.44659375653887207,D_LOW_FREQ
31819,1,12,12.0,,0.0013568521031207597,0.016282225237449117,,D_LOW_FREQ
31820,4,75,18.75,27.944886234634534,0.005427408412483039,0.10176390773405698,1.4149309485890904,D_LOW_FREQ
31821,158,14981,94.81645569620254,107.29807512223843,0.21438263229308005,20.327001356852104,1.1198293063817737,C_MEDIUM_FREQ
31822,22,10358,470.8181818181818,1169.9705994012002,0.029850746268656716,14.054274084124831,2.4797064727193066,D_LOW_FREQ
31823,1,840,840.0,,0.0013568521031207597,1.1397557666214382,,D_LOW_FREQ
31824,36,3654,101.5,103.86515983991663,0.048846675712347354,4.957937584803257,1.0133186325845525,D_LOW_FREQ
31825,2,141,70.5,98.2878425849301,0.0027137042062415195,0.19131614654002713,1.3746551410479735,D_LOW_FREQ
31826,24,2824,117.66666666666667,83.6465995913068,0.032564450474898234,3.8317503392130257,0.7048870752076415,D_LOW_FREQ
31827,1,12,12.0,,0.0013568521031207597,0.016282225237449117,,D_LOW_FREQ
31830,1,12,12.0,,0.0013568521031207597,0.016282225237449117,,D_LOW_FREQ
31831,1,12,12.0,,0.0013568521031207597,0.016282225237449117,,D_LOW_FREQ
31832,3,180,60.0,0.0,0.004070556309362279,0.24423337856173677,0.0,D_LOW_FREQ
31834,4,18,4.5,5.066228051190222,0.005427408412483039,0.024423337856173677,0.9211323729436767,D_LOW_FREQ
31835,2,7,3.5,3.5355339059327378,0.0027137042062415195,0.009497964721845319,0.7856742013183862,D_LOW_FREQ
31836,2,234,117.0,80.61017305526642,0.0027137042062415195,0.3175033921302578,0.6831370597903933,D_LOW_FREQ
31837,2,308,154.0,132.93607486307093,0.0027137042062415195,0.417910447761194,0.8576520958907802,D_LOW_FREQ
31838,3,398,132.66666666666666,124.13433583555089,0.004070556309362279,0.5400271370420624,0.9286858042559917,D_LOW_FREQ
31841,350,52230,149.22857142857143,219.7519812851652,0.47489823609226595,70.86838534599728,1.4627842040663335,C_MEDIUM_FREQ
31842,7,593,84.71428571428571,103.17414774014256,0.009497964721845319,0.8046132971506106,1.2036983903016634,D_LOW_FREQ
31843,2,120,60.0,0.0,0.0027137042062415195,0.1628222523744912,0.0,D_LOW_FREQ
31844,3,336,112.0,13.856406460551018,0.004070556309362279,0.4559023066485753,0.12262306602257537,D_LOW_FREQ
31845,3,91,30.333333333333332,29.501412395567325,0.004070556309362279,0.12347354138398914,0.941534438156404,D_LOW_FREQ
31847,133,14772,111.06766917293233,128.39676878596904,0.18046132971506107,20.043419267299864,1.1457074973857018,C_MEDIUM_FREQ
31848,486,80349,165.32716049382717,200.0366924149991,0.6594301221166893,109.02170963364993,1.2026700379005326,A_HIGH_FREQ_HIGH_VOL
31849,21,2283,108.71428571428571,132.17569476160995,0.028493894165535955,3.0976933514246947,1.204726384545924,D_LOW_FREQ
31850,73,12546,171.86301369863014,162.6659251236934,0.09905020352781546,17.023066485753052,0.9410105819819017,D_LOW_FREQ
31851,94,11531,122.67021276595744,74.56358883932161,0.12754409769335143,15.645861601085482,0.6029227828727941,C_MEDIUM_FREQ
31853,4,181,45.25,29.5,0.005427408412483039,0.24559023066485752,0.6378378378378379,D_LOW_FREQ
31855,77,6773,87.96103896103897,82.42148441785793,0.1044776119402985,9.189959294436907,0.926489678857673,C_MEDIUM_FREQ
31857,12,591,49.25,29.796659361259096,0.016282225237449117,0.8018995929443691,0.5929683454976934,D_LOW_FREQ
31858,735,225127,306.2952380952381,421.34032425879104,0.9972862957937585,305.4640434192673,1.3711254585995492,A_HIGH_FREQ_HIGH_VOL
31859,320,46260,144.5625,162.32874988969866,0.43419267299864317,62.76797829036635,1.1151824809940656,C_MEDIUM_FREQ
31860,782,216190,276.45780051150894,381.1233078804719,1.0610583446404342,293.3378561736771,1.373626213347939,A_HIGH_FREQ_HIGH_VOL
31861,6,2102,350.3333333333333,487.31167302524847,0.008141112618724558,2.8521031207598373,1.3870351224627566,D_LOW_FREQ
31862,40,6192,154.8,149.4127307245407,0.054274084124830396,8.401628222523746,0.9590034064476295,D_LOW_FREQ
31863,5,1640,328.0,287.2629457483161,0.0067842605156037995,2.225237449118046,0.873139652730444,D_LOW_FREQ
31864,83,7188,86.60240963855422,68.92412579114844,0.11261872455902307,9.753052917232022,0.7867834466600633,C_MEDIUM_FREQ
31865,87,5939,68.26436781609195,71.1662743109754,0.11804613297150611,8.058344640434193,1.027458656663601,C_MEDIUM_FREQ
31866,649,142902,220.18798151001542,368.89686459386587,0.8805970149253731,193.89687924016283,1.6677979611526144,A_HIGH_FREQ_HIGH_VOL
31867,15,2048,136.53333333333333,138.2569381708598,0.0203527815468114,2.778833107191316,1.0052613051686365,D_LOW_FREQ
31870,133,16648,125.17293233082707,124.8737247805907,0.18046132971506107,22.58887381275441,0.9897029614336788,C_MEDIUM_FREQ
31871,1,12,12.0,,0.0013568521031207597,0.016282225237449117,,D_LOW_FREQ
31873,10,781,78.1,56.769416648990386,0.013568521031207599,1.0597014925373134,0.7176917401895119,D_LOW_FREQ
31874,5,25,5.0,2.449489742783178,0.0067842605156037995,0.033921302578018994,0.40824829046386296,D_LOW_FREQ
31875,4,17,4.25,5.188127472091126,0.005427408412483039,0.023066485753052916,0.9882147565887859,D_LOW_FREQ
31876,397,65936,166.08564231738035,332.02645738622624,0.5386702849389416,89.46540027137043,1.9871633060819174,A_HIGH_FREQ_HIGH_VOL
31877,5,484,96.8,123.6495046492302,0.0067842605156037995,0.6567164179104478,1.2643098634890613,D_LOW_FREQ
31879,6,34,5.666666666666667,4.760952285695233,0.008141112618724558,0.04613297150610583,0.714142842854285,D_LOW_FREQ
31881,80,7250,90.625,91.17910806119701,0.10854816824966079,9.837177747625509,0.9951335122640874,C_MEDIUM_FREQ
31882,3,181,60.333333333333336,59.50070027599115,0.004070556309362279,0.24559023066485752,0.9701201131955078,D_LOW_FREQ
31883,138,18000,130.43478260869566,455.4819691083271,0.18724559023066487,24.423337856173678,3.4654599039006033,C_MEDIUM_FREQ
31885,1,20,20.0,,0.0013568521031207597,0.027137042062415198,,D_LOW_FREQ
31886,185,34717,187.65945945945947,229.0065922008477,0.2510176390773406,47.10583446404342,1.2138622301632234,C_MEDIUM_FREQ
31887,226,34397,152.19911504424778,189.3633548947397,0.3066485753052917,46.67164179104478,1.2360603704534898,C_MEDIUM_FREQ
31888,24,1347,56.125,44.3075344461374,0.032564450474898234,1.8276797829036635,0.7756242353809611,D_LOW_FREQ
31889,162,21344,131.7530864197531,173.91030963651428,0.2198100407055631,28.960651289009498,1.3100283716690837,C_MEDIUM_FREQ
31890,30,1735,57.833333333333336,39.14260694129761,0.0407055630936228,2.354138398914518,0.6653134324299876,D_LOW_FREQ
31891,112,12133,108.33035714285714,119.77662305517684,0.1519674355495251,16.46268656716418,1.0955477159803844,C_MEDIUM_FREQ
31892,4,481,120.25,162.23516881367,0.005427408412483039,0.6526458616010855,1.3380220108343917,D_LOW_FREQ
31895,19,1266,66.63157894736842,33.65215945904973,0.025780189959294438,1.717774762550882,0.49758056787699984,D_LOW_FREQ
31896,5,421,84.2,68.10433172713758,0.0067842605156037995,0.5712347354138398,0.7993466165156993,D_LOW_FREQ
31897,27,2801,103.74074074074075,57.85365661775912,0.036635006784260515,3.8005427408412484,0.5523510356009533,D_LOW_FREQ
31898,15,1462,97.46666666666667,109.50138072623734,0.0203527815468114,1.983717774762551,1.1120654779238728,D_LOW_FREQ
31899,2,65,32.5,28.991378028648448,0.0027137042062415195,0.08819538670284939,0.8654142695118939,D_LOW_FREQ
31900,1,60,60.0,,0.0013568521031207597,0.0814111261872456,,D_LOW_FREQ
31902,17,1466,86.23529411764706,94.40506435817194,0.023066485753052916,1.989145183175034,1.0821888699183566,D_LOW_FREQ
31904,2,80,40.0,28.284271247461902,0.0027137042062415195,0.10854816824966079,0.6898602743283391,D_LOW_FREQ
31905,85,7130,83.88235294117646,85.0924443745498,0.11533242876526459,9.674355495251017,1.002475089651661,C_MEDIUM_FREQ
31906,14,525,37.5,26.20554844361723,0.018995929443690638,0.7123473541383989,0.6806635959381099,D_LOW_FREQ
31907,2,961,480.5,678.1154031578991,0.0027137042062415195,1.3039348710990502,1.4083393627370697,D_LOW_FREQ
31908,16,765,47.8125,38.30268702497689,0.021709633649932156,1.0379918588873813,0.7846901311134831,D_LOW_FREQ
31909,2,2,1.0,0.0,0.0027137042062415195,0.0027137042062415195,0.0,D_LOW_FREQ
31910,6,361,60.166666666666664,37.63198993764038,0.008141112618724558,0.4898236092265943,0.6152368927134667,D_LOW_FREQ
31912,1,2,2.0,,0.0013568521031207597,0.0027137042062415195,,D_LOW_FREQ
31915,3,180,60.0,0.0,0.004070556309362279,0.24423337856173677,0.0,D_LOW_FREQ
31916,11,248,22.545454545454547,23.7670512952854,0.014925373134328358,0.33649932157394846,1.009411444973511,D_LOW_FREQ
31917,2,11,5.5,6.363961030678928,0.0027137042062415195,0.014925373134328358,0.9790709277967581,D_LOW_FREQ
31918,1,6,6.0,,0.0013568521031207597,0.008141112618724558,,D_LOW_FREQ
31919,1,1,1.0,,0.0013568521031207597,0.0013568521031207597,,D_LOW_FREQ
31920,2,120,60.0,0.0,0.0027137042062415195,0.1628222523744912,0.0,D_LOW_FREQ
31921,4,97,24.25,25.617376914898998,0.005427408412483039,0.13161465400271372,1.014549580788079,D_LOW_FREQ
31922,1,1,1.0,,0.0013568521031207597,0.0013568521031207597,,D_LOW_FREQ
31924,3,241,80.33333333333333,91.21586119383697,0.004070556309362279,0.32700135685210313,1.1215064900881595,D_LOW_FREQ
31927,2,30,15.0,4.242640687119285,0.0027137042062415195,0.0407055630936228,0.2651650429449553,D_LOW_FREQ
31932,190,30032,158.06315789473683,552.349571286181,0.25780189959294436,40.74898236092266,3.4725173232868243,C_MEDIUM_FREQ
31933,7,791,113.0,196.2396494085739,0.009497964721845319,1.0732700135685211,1.721400433408543,D_LOW_FREQ
31936,5,93,18.6,26.330590574463002,0.0067842605156037995,0.12618724559023067,1.3433974782889286,D_LOW_FREQ
31938,60,4685,78.08333333333333,84.66570187181068,0.0814111261872456,6.35685210312076,1.0705884325202617,D_LOW_FREQ
31939,3,73,24.333333333333332,24.906491790963525,0.004070556309362279,0.09905020352781546,0.9831509917485602,D_LOW_FREQ
31940,303,39798,131.34653465346534,357.3586907026791,0.41112618724559025,54.0,2.700174142363327,C_MEDIUM_FREQ
31941,31,3250,104.83870967741936,113.50656273954488,0.04206241519674356,4.409769335142469,1.0724484745278546,D_LOW_FREQ
31942,82,9252,112.82926829268293,100.47526627380155,0.1112618724559023,12.55359565807327,0.8826839334102986,C_MEDIUM_FREQ
31943,64,6243,97.546875,57.27514480384653,0.08683853459972862,8.470827679782904,0.5811969664572979,D_LOW_FREQ
31944,1,24,24.0,,0.0013568521031207597,0.032564450474898234,,D_LOW_FREQ
31946,51,3597,70.52941176470588,72.82783889177996,0.06919945725915876,4.880597014925373,1.018152352927845,D_LOW_FREQ
31948,1,24,24.0,,0.0013568521031207597,0.032564450474898234,,D_LOW_FREQ
31950,4,183,45.75,28.5,0.005427408412483039,0.24830393487109906,0.6096256684491979,D_LOW_FREQ
31951,492,99824,202.89430894308944,241.2575273629767,0.6675712347354138,135.44640434192672,1.1832479710373673,A_HIGH_FREQ_HIGH_VOL
31952,220,20560,93.45454545454545,96.60678066558627,0.29850746268656714,27.89687924016282,1.0227859358243012,C_MEDIUM_FREQ
31953,512,87528,170.953125,182.44267187942867,0.694708276797829,118.76255088195387,1.0610023625882268,A_HIGH_FREQ_HIGH_VOL
31954,18,943,52.388888888888886,33.17713402664887,0.024423337856173677,1.2795115332428766,0.6214239463888447,D_LOW_FREQ
31955,47,3534,75.19148936170212,57.675870283429376,0.06377204884667571,4.795115332428765,0.7569857311703939,D_LOW_FREQ
31956,4,1221,305.25,449.77429524892443,0.005427408412483039,1.6567164179104477,1.468650759996488,D_LOW_FREQ
31959,45,2463,54.733333333333334,38.576017043094154,0.06105834464043419,3.3419267299864317,0.6921534158449908,D_LOW_FREQ
31960,429,76330,177.92540792540794,644.3017622032099,0.582089552238806,103.5685210312076,3.600951757906917,A_HIGH_FREQ_HIGH_VOL
31961,21,3143,149.66666666666666,208.45319218791863,0.028493894165535955,4.264586160108548,1.3835388862029998,D_LOW_FREQ
31964,87,7741,88.97701149425288,108.34569748290889,0.11804613297150611,10.503392130257803,1.2041486562357018,C_MEDIUM_FREQ
31965,1,20,20.0,,0.0013568521031207597,0.027137042062415198,,D_LOW_FREQ
31967,3,240,80.0,34.64101615137755,0.004070556309362279,0.3256445047489824,0.4276668660663895,D_LOW_FREQ
31968,1,24,24.0,,0.0013568521031207597,0.032564450474898234,,D_LOW_FREQ
31969,267,37871,141.83895131086143,279.83632484481984,0.3622795115332429,51.385345997286294,1.9591037477992264,C_MEDIUM_FREQ
31970,2,540,270.0,296.98484809834997,0.0027137042062415195,0.7327001356852103,1.0958850483333946,D_LOW_FREQ
31971,2,64,32.0,39.59797974644666,0.0027137042062415195,0.08683853459972862,1.1999387801953534,D_LOW_FREQ
31975,3,21,7.0,2.6457513110645907,0.004070556309362279,0.028493894165535955,0.33071891388307384,D_LOW_FREQ
31976,2,26,13.0,9.899494936611665,0.0027137042062415195,0.035278154681139755,0.7071067811865476,D_LOW_FREQ
31981,9,43,4.777777777777778,7.32764931232687,0.012211668928086838,0.05834464043419267,1.268246996364266,D_LOW_FREQ
31982,34,2712,79.76470588235294,149.0212632425176,0.04613297150610583,3.679782903663501,1.8451285325002178,D_LOW_FREQ
31984,72,6213,86.29166666666667,101.83560868960868,0.09769335142469471,8.430122116689281,1.1666131783057796,D_LOW_FREQ
31985,1372,365446,266.3600583090379,276.7398883683861,1.8616010854816825,495.8561736770692,1.0350831388902009,A_HIGH_FREQ_HIGH_VOL
31986,909,379537,417.5324532453245,553.4573137285618,1.2333785617367707,514.9755766621438,1.3223761011530222,A_HIGH_FREQ_HIGH_VOL
31987,940,55995,59.569148936170215,61.8483709197777,1.2754409769335142,75.97693351424695,1.021120025723914,A_HIGH_FREQ_HIGH_VOL
31988,207,32678,157.8647342995169,106.64855204458125,0.2808683853459973,44.33921302578019,0.6713167180546852,C_MEDIUM_FREQ
31989,7,735,105.0,74.77744758058185,0.009497964721845319,0.9972862957937585,0.7054476186847344,D_LOW_FREQ
31990,4,330,82.5,88.0814017448254,0.005427408412483039,0.44776119402985076,1.0548670867643761,D_LOW_FREQ
31991,5,212,42.4,52.70958167164676,0.0067842605156037995,0.2876526458616011,1.2145064901301097,D_LOW_FREQ
31992,464,88712,191.18965517241378,246.43956807600472,0.6295793758480326,120.36906377204885,1.2822728041991813,A_HIGH_FREQ_HIGH_VOL
31993,2083,895294,429.8098895823332,476.92687021923604,2.8263229308005426,1214.7815468113974,1.1070471726673055,A_HIGH_FREQ_HIGH_VOL
31994,1551,505750,326.07994842037397,402.1332230592211,2.1044776119402986,686.2279511533243,1.2294646156125297,A_HIGH_FREQ_HIGH_VOL
31995,1231,356886,289.91551584077985,295.0283618909179,1.6702849389416554,484.2415196743555,1.0141375960586063,A_HIGH_FREQ_HIGH_VOL
31996,230,45278,196.8608695652174,352.64227546432295,0.3120759837177748,61.43554952510176,1.7822739596728987,C_MEDIUM_FREQ
31997,64,5939,92.796875,41.270758966063624,0.08683853459972862,8.058344640434193,0.4400014282572167,D_LOW_FREQ
31998,86,15467,179.84883720930233,682.60681159356,0.11668928086838534,20.986431478968793,3.7744606054810106,C_MEDIUM_FREQ
31999,19,1187,62.473684210526315,42.42296079175971,0.025780189959294438,1.610583446404342,0.6683551036844398,D_LOW_FREQ
32000,751,89836,119.62183754993342,186.90252219401842,1.0189959294436906,121.89416553595657,1.5494915845287716,A_HIGH_FREQ_HIGH_VOL
32001,557,93672,168.17235188509875,180.78746342611424,0.7557666214382632,127.09905020352781,1.0686584504594725,A_HIGH_FREQ_HIGH_VOL
32002,785,125806,160.2624203821656,171.92492110419977,1.0651289009497964,170.7001356852103,1.0661189426325475,A_HIGH_FREQ_HIGH_VOL
32003,253,32357,127.89328063241106,127.22686459124326,0.34328358208955223,43.90366350067843,0.9870713505545705,C_MEDIUM_FREQ
32004,63,5604,88.95238095238095,159.59054751814986,0.08548168249660787,7.603799185888738,1.7741670184654035,D_LOW_FREQ
32005,62,6214,100.2258064516129,72.23808980165126,0.08412483039348712,8.431478968792401,0.7136331369825332,D_LOW_FREQ
32006,20,203,10.15,12.666885963013957,0.027137042062415198,0.27544097693351427,1.1360435841268122,D_LOW_FREQ
32007,11,105,9.545454545454545,8.756296435864153,0.014925373134328358,0.14246947082767977,0.830338455125049,D_LOW_FREQ
32008,7,30,4.285714285714286,3.0394235042348474,0.009497964721845319,0.0407055630936228,0.5750260683687549,D_LOW_FREQ
32009,3,4,1.3333333333333333,0.5773502691896258,0.004070556309362279,0.005427408412483039,0.2474358296526968,D_LOW_FREQ
32011,31,1562,50.38709677419355,133.3085837244686,0.04206241519674356,2.1194029850746268,2.594203449754254,D_LOW_FREQ
32012,20,651,32.55,75.20741494798166,0.027137042062415198,0.8833107191316146,2.2416517123094386,D_LOW_FREQ
32013,16,362,22.625,49.788720275446586,0.021709633649932156,0.49118046132971505,2.1074590592781623,D_LOW_FREQ
32014,6,114,19.0,39.844698518121575,0.008141112618724558,0.1546811397557666,1.9922349259060788,D_LOW_FREQ
32016,18,4193,232.94444444444446,596.4810013464975,0.024423337856173677,5.689280868385346,2.5496694429439453,D_LOW_FREQ
32017,15,702,46.8,122.73444038713362,0.0203527815468114,0.9525101763907734,2.5676661168856407,D_LOW_FREQ
32018,12,605,50.416666666666664,64.9901507689411,0.016282225237449117,0.8208955223880597,1.2639899663327283,D_LOW_FREQ
32019,4,9,2.25,1.8929694486000912,0.005427408412483039,0.012211668928086838,0.5824521380307973,D_LOW_FREQ
32020,2,6,3.0,2.8284271247461903,0.0027137042062415195,0.008141112618724558,0.7071067811865476,D_LOW_FREQ
32021,28,742,26.5,42.03746124765563,0.037991858887381276,1.0067842605156039,1.5286349544602047,D_LOW_FREQ
32022,8,151,18.875,18.856128219456174,0.010854816824966078,0.20488466757123475,0.94873601104182,D_LOW_FREQ
32023,3,25,8.333333333333334,2.886751345948129,0.004070556309362279,0.033921302578018994,0.30929478706587094,D_LOW_FREQ
32024,2,5,2.5,2.1213203435596424,0.0027137042062415195,0.0067842605156037995,0.6060915267313264,D_LOW_FREQ
32026,17,122,7.176470588235294,7.535211461180494,0.023066485753052916,0.1655359565807327,0.9215726247486936,D_LOW_FREQ
32027,4,13,3.25,1.707825127659933,0.005427408412483039,0.017639077340569877,0.40184120650821953,D_LOW_FREQ
32028,4,18,4.5,4.041451884327381,0.005427408412483039,0.024423337856173677,0.7348094335140692,D_LOW_FREQ
32031,8,42,5.25,6.734771180756097,0.010854816824966078,0.05698778833107191,1.0775633889209755,D_LOW_FREQ
32032,1,1,1.0,,0.0013568521031207597,0.0013568521031207597,,D_LOW_FREQ
32036,16,166,10.375,9.14239210126832,0.021709633649932156,0.22523744911804613,0.8037267781334786,D_LOW_FREQ
32037,9,89,9.88888888888889,16.26687158340875,0.012211668928086838,0.12075983717774763,1.4938963699048853,D_LOW_FREQ
32038,7,33,4.714285714285714,3.5456210417116734,0.009497964721845319,0.04477611940298507,0.6204836822995429,D_LOW_FREQ
32039,2,7,3.5,3.5355339059327378,0.0027137042062415195,0.009497964721845319,0.7856742013183862,D_LOW_FREQ
32040,1,10,10.0,,0.0013568521031207597,0.013568521031207599,,D_LOW_FREQ
32041,5,14,2.8,4.024922359499621,0.0067842605156037995,0.018995929443690638,1.0591900946051636,D_LOW_FREQ
32042,2,6,3.0,1.4142135623730951,0.0027137042062415195,0.008141112618724558,0.3535533905932738,D_LOW_FREQ
32043,1,2,2.0,,0.0013568521031207597,0.0027137042062415195,,D_LOW_FREQ
32046,13,552,42.46153846153846,71.64334742855914,0.017639077340569877,0.7489823609226595,1.6484310027810067,D_LOW_FREQ
32047,3,149,49.666666666666664,66.65083145267832,0.004070556309362279,0.2021709633649932,1.3154769365660195,D_LOW_FREQ
32048,3,17,5.666666666666667,4.041451884327381,0.004070556309362279,0.023066485753052916,0.6062177826491071,D_LOW_FREQ
32051,5,58,11.6,12.095453691366853,0.0067842605156037995,0.07869742198100407,0.9599566421719724,D_LOW_FREQ
32052,3,15,5.0,2.6457513110645907,0.004070556309362279,0.0203527815468114,0.44095855184409843,D_LOW_FREQ
32053,3,8,2.6666666666666665,1.1547005383792515,0.004070556309362279,0.010854816824966078,0.3149183286488868,D_LOW_FREQ
32054,1,1,1.0,,0.0013568521031207597,0.0013568521031207597,,D_LOW_FREQ
32056,24,511,21.291666666666668,39.61606960583663,0.032564450474898234,0.6933514246947082,1.7771694776450075,D_LOW_FREQ
32057,18,217,12.055555555555555,13.444755033413466,0.024423337856173677,0.2944369063772049,1.029811023835925,D_LOW_FREQ
32058,16,92,5.75,4.946379147079879,0.021709633649932156,0.1248303934871099,0.7327969106785006,D_LOW_FREQ
32059,3,11,3.6666666666666665,2.3094010767585034,0.004070556309362279,0.014925373134328358,0.4948716593053936,D_LOW_FREQ
32061,6,90,15.0,27.151427218472328,0.008141112618724558,0.12211668928086838,1.6969642011545205,D_LOW_FREQ
32062,1,3,3.0,,0.0013568521031207597,0.004070556309362279,,D_LOW_FREQ
32063,1,2,2.0,,0.0013568521031207597,0.0027137042062415195,,D_LOW_FREQ
32066,11,113,10.272727272727273,13.770191785816994,0.014925373134328358,0.15332428765264586,1.2215492713224751,D_LOW_FREQ
32067,5,35,7.0,6.442049363362563,0.0067842605156037995,0.04748982360922659,0.8052561704203204,D_LOW_FREQ
32068,5,21,4.2,3.1144823004794873,0.0067842605156037995,0.028493894165535955,0.5989389039383629,D_LOW_FREQ
32070,1,1,1.0,,0.0013568521031207597,0.0013568521031207597,,D_LOW_FREQ
32071,13,139,10.692307692307692,15.52623916356123,0.017639077340569877,0.18860244233378562,1.3279020337256318,D_LOW_FREQ
32072,6,35,5.833333333333333,4.665476038590989,0.008141112618724558,0.04748982360922659,0.6827525910133155,D_LOW_FREQ
32073,2,12,6.0,5.656854249492381,0.0027137042062415195,0.016282225237449117,0.8081220356417687,D_LOW_FREQ
32076,205,67327,328.42439024390245,940.0132510487807,0.2781546811397558,91.3527815468114,2.853502287286028,C_MEDIUM_FREQ
32077,159,21727,136.64779874213838,136.0289962743322,0.2157394843962008,29.48032564450475,0.9882395324691043,C_MEDIUM_FREQ
32078,987,35386,35.85207700101317,45.24605261370159,1.33921302578019,48.01356852103121,1.2277748310484005,B_HIGH_FREQ_LOW_VOL
32079,1283,43029,33.53780202650039,53.10945131991215,1.7408412483039348,58.38398914518317,1.5377194900579367,A_HIGH_FREQ_HIGH_VOL
32080,1301,42684,32.808608762490394,45.142197073264306,1.7652645861601086,57.915875169606515,1.3352278820579029,A_HIGH_FREQ_HIGH_VOL
32081,657,15776,24.012176560121766,22.10817027636569,0.8914518317503393,21.405698778833106,0.8838962983978736,B_HIGH_FREQ_LOW_VOL
32082,967,17599,18.199586349534645,30.9694045211054,1.3120759837177747,23.879240162822253,1.6130245702848711,B_HIGH_FREQ_LOW_VOL
32083,501,6304,12.582834331337326,13.653264252569752,0.6797829036635007,8.55359565807327,1.0051852153618583,B_HIGH_FREQ_LOW_VOL
32084,926,38557,41.638228941684666,43.67323141666385,1.2564450474898237,52.316146540027134,1.0242740493840572,A_HIGH_FREQ_HIGH_VOL
32085,1527,72350,47.38048461034708,53.129209807397345,2.0719131614654,98.16824966078697,1.0981537335827896,A_HIGH_FREQ_HIGH_VOL
32086,2305,163281,70.83774403470716,90.27721416662231,3.1275440976933515,221.5481682496608,1.2566821993046782,A_HIGH_FREQ_HIGH_VOL
32087,1973,130516,66.15103902686265,87.79029789705093,2.677069199457259,177.0909090909091,1.3073557635040003,A_HIGH_FREQ_HIGH_VOL
32088,2483,142559,57.41401530406766,85.6866383801146,3.3690637720488468,193.4314789687924,1.466884923662281,A_HIGH_FREQ_HIGH_VOL
32089,1780,48460,27.224719101123597,34.52169045777892,2.4151967435549526,65.75305291723203,1.2231012940853199,A_HIGH_FREQ_HIGH_VOL
32090,3,123,41.0,68.4178339323893,0.004070556309362279,0.16689280868385345,1.628996046009269,D_LOW_FREQ
32112,33,3267,99.0,124.57051216078386,0.04477611940298507,4.432835820895522,1.2457051216078385,D_LOW_FREQ
32123,37,2220,60.0,94.09658158863513,0.050203527815468114,3.012211668928087,1.5425669112891005,D_LOW_FREQ
32124,67,22866,341.2835820895522,396.00278564868654,0.09090909090909091,31.025780189959296,1.1569435589962935,D_LOW_FREQ
32125,63,13791,218.9047619047619,312.2007064469759,0.08548168249660787,18.712347354138398,1.4197087127298602,D_LOW_FREQ
32126,48,9309,193.9375,390.2166014031672,0.06512890094979647,12.630936227951153,2.0017523637225634,D_LOW_FREQ
32127,94,3756,39.95744680851064,76.55722645474674,0.12754409769335143,5.096336499321574,1.8691894251288814,C_MEDIUM_FREQ
32128,21,7795,371.1904761904762,1295.2121686830933,0.028493894165535955,10.576662143826322,3.4799712822856907,D_LOW_FREQ
32129,10,636,63.6,101.15576547527526,0.013568521031207599,0.8629579375848032,1.5658787225274808,D_LOW_FREQ
32130,30,8583,286.1,511.5851194891801,0.0407055630936228,11.645861601085482,1.7819056756850578,D_LOW_FREQ
32131,24,5328,222.0,266.37844931763823,0.032564450474898234,7.229308005427408,1.1945221942494988,D_LOW_FREQ
32132,23,5301,230.47826086956522,604.7421591483294,0.031207598371777476,7.192672998643148,2.6125224756595746,D_LOW_FREQ
32482,15,6156,410.4,725.3898262313855,0.0203527815468114,8.352781546811398,1.7632227181122644,D_LOW_FREQ
33028,2,400,200.0,0.0,0.0027137042062415195,0.5427408412483039,0.0,D_LOW_FREQ
33034,3,600,200.0,100.0,0.004070556309362279,0.8141112618724559,0.4975124378109453,D_LOW_FREQ
33042,5,2510,502.0,350.02857026248586,0.0067842605156037995,3.405698778833107,0.6958818494284013,D_LOW_FREQ
33046,3,310,103.33333333333333,95.04384952922169,0.004070556309362279,0.4206241519674355,0.9109634140180993,D_LOW_FREQ
33053,3,300,100.0,0.0,0.004070556309362279,0.40705563093622793,0.0,D_LOW_FREQ
33067,1,1,1.0,,0.0013568521031207597,0.0013568521031207597,,D_LOW_FREQ
33473,22,523,23.772727272727273,26.02367387075856,0.029850746268656716,0.7096336499321574,1.050496926893006,D_LOW_FREQ
33474,5,87,17.4,19.15202339179858,0.0067842605156037995,0.11804613297150611,1.0408708365107924,D_LOW_FREQ
33475,10,938,93.8,101.90278591764692,0.013568521031207599,1.2727272727272727,1.074923902084883,D_LOW_FREQ
33476,10,721,72.1,106.48677539175151,0.013568521031207599,0.9782903663500678,1.4567274335396925,D_LOW_FREQ
33477,14,2905,207.5,438.42967158151714,0.018995929443690638,3.9416553595658073,2.102780199431737,D_LOW_FREQ
33478,3,461,153.66666666666666,256.6716449733654,0.004070556309362279,0.6255088195386703,1.6595149459484833,D_LOW_FREQ
33479,3,183,61.0,103.05823596394418,0.004070556309362279,0.24830393487109906,1.6622296123216804,D_LOW_FREQ
33480,5,198,39.6,78.5512571509839,0.0067842605156037995,0.26865671641791045,1.9347600283493571,D_LOW_FREQ
33559,1,30,30.0,,0.0013568521031207597,0.0407055630936228,,D_LOW_FREQ
33635,37,23062,623.2972972972973,788.2726497033055,0.050203527815468114,31.291723202170964,1.2626558742379457,D_LOW_FREQ
33636,22,26853,1220.590909090909,1683.9900932603894,0.029850746268656716,36.43554952510176,1.3785221228550164,D_LOW_FREQ
33637,18,6251,347.27777777777777,508.68721529692095,0.024423337856173677,8.48168249660787,1.4605790198348345,D_LOW_FREQ
33638,20,4627,231.35,308.5322255624626,0.027137042062415198,6.278154681139756,1.327877019851356,D_LOW_FREQ
33639,8,2381,297.625,692.6959624745704,0.010854816824966078,3.2306648575305292,2.3196181246532284,D_LOW_FREQ
33640,9,9597,1066.3333333333333,1459.4744773376476,0.012211668928086838,13.021709633649932,1.3674026958191579,D_LOW_FREQ
33641,10,4648,464.8,614.7483315236497,0.013568521031207599,6.306648575305291,1.3197688525625797,D_LOW_FREQ
33642,10,3841,384.1,472.04930298057263,0.013568521031207599,5.211668928086839,1.225783700287127,D_LOW_FREQ
33646,5,1608,321.6,393.0430001920909,0.0067842605156037995,2.1818181818181817,1.2183601989835426,D_LOW_FREQ
33647,3,980,326.6666666666667,261.02362600602527,0.004070556309362279,1.3297150610583446,0.7966133041892938,D_LOW_FREQ
33648,1,60,60.0,,0.0013568521031207597,0.0814111261872456,,D_LOW_FREQ
33649,1,60,60.0,,0.0013568521031207597,0.0814111261872456,,D_LOW_FREQ
33651,12,24723,2060.25,2500.626253379523,0.016282225237449117,33.54545454545455,1.2131600986680524,D_LOW_FREQ
33652,1,120,120.0,,0.0013568521031207597,0.1628222523744912,,D_LOW_FREQ
33653,1,120,120.0,,0.0013568521031207597,0.1628222523744912,,D_LOW_FREQ
33654,4,274,68.5,77.76245880886226,0.005427408412483039,0.37177747625508817,1.11888429940809,D_LOW_FREQ
33655,13,11450,880.7692307692307,829.0402235764514,0.017639077340569877,15.5359565807327,0.9402008991096457,D_LOW_FREQ
33657,1,120,120.0,,0.0013568521031207597,0.1628222523744912,,D_LOW_FREQ
33658,1,120,120.0,,0.0013568521031207597,0.1628222523744912,,D_LOW_FREQ
33660,5,543,108.6,83.12520676666014,0.0067842605156037995,0.7367706919945726,0.758441667579016,D_LOW_FREQ
33661,6,1843,307.1666666666667,306.75750466234183,0.008141112618724558,2.5006784260515604,0.9954272731065716,D_LOW_FREQ
33662,1,40,40.0,,0.0013568521031207597,0.054274084124830396,,D_LOW_FREQ
33663,1,150,150.0,,0.0013568521031207597,0.20352781546811397,,D_LOW_FREQ
33666,1,6,6.0,,0.0013568521031207597,0.008141112618724558,,D_LOW_FREQ
33668,9,5540,615.5555555555555,1010.5360101341158,0.012211668928086838,7.5169606512890095,1.639002359201125,D_LOW_FREQ
33669,6,3100,516.6666666666666,294.3920288775949,0.008141112618724558,4.2062415196743554,0.5686903326676013,D_LOW_FREQ
33671,5,2680,536.0,822.3320497220086,0.0067842605156037995,3.6363636363636362,1.5313445991098857,D_LOW_FREQ
33672,4,1600,400.0,406.201920231798,0.005427408412483039,2.1709633649932156,1.0129723696553565,D_LOW_FREQ
33678,2,320,160.0,56.568542494923804,0.0027137042062415195,0.43419267299864317,0.351357406800769,D_LOW_FREQ
33679,1,1,1.0,,0.0013568521031207597,0.0013568521031207597,,D_LOW_FREQ
33681,1,2,2.0,,0.0013568521031207597,0.0027137042062415195,,D_LOW_FREQ
33694,14,9992,713.7142857142857,856.8453256498001,0.018995929443690638,13.557666214382632,1.198864137427264,D_LOW_FREQ
33695,4,921,230.25,185.5988056714446,0.005427408412483039,1.2496607869742198,0.8025894299305713,D_LOW_FREQ
33696,1,540,540.0,,0.0013568521031207597,0.7327001356852103,,D_LOW_FREQ
33697,1,3,3.0,,0.0013568521031207597,0.004070556309362279,,D_LOW_FREQ
33703,10,1545,154.5,328.66506084800403,0.013568521031207599,2.096336499321574,2.1136016774791258,D_LOW_FREQ
33704,25,15307,612.28,876.9554587700943,0.033921302578018994,20.769335142469473,1.4299430256491232,D_LOW_FREQ
33705,15,4249,283.26666666666665,316.05073432388457,0.0203527815468114,5.765264586160108,1.1118107445727647,D_LOW_FREQ
33706,7,1248,178.28571428571428,211.64019332010506,0.009497964721845319,1.6933514246947083,1.1804632296738928,D_LOW_FREQ
33720,1,1,1.0,,0.0013568521031207597,0.0013568521031207597,,D_LOW_FREQ
33738,1,200,200.0,,0.0013568521031207597,0.27137042062415195,,D_LOW_FREQ
33739,1,200,200.0,,0.0013568521031207597,0.27137042062415195,,D_LOW_FREQ
33741,1,260,260.0,,0.0013568521031207597,0.35278154681139756,,D_LOW_FREQ
33743,3,980,326.6666666666667,170.09801096230765,0.004070556309362279,1.3297150610583446,0.5191190568534313,D_LOW_FREQ
33744,2,460,230.0,42.42640687119285,0.0027137042062415195,0.6241519674355496,0.18366409900949288,D_LOW_FREQ
33746,3,41,13.666666666666666,14.153915830374764,0.004070556309362279,0.05563093622795115,0.9650397157073703,D_LOW_FREQ
33778,1,5,5.0,,0.0013568521031207597,0.0067842605156037995,,D_LOW_FREQ
34013,1714,693203,404.4358226371062,863.7906289691814,2.325644504748982,940.57394843962,2.130523700029179,A_HIGH_FREQ_HIGH_VOL
34014,1383,340272,246.03904555314534,289.66173931171073,1.8765264586160109,461.6987788331072,1.1725342391245435,A_HIGH_FREQ_HIGH_VOL
34015,2326,1203243,517.3013757523646,736.7543147592594,3.1560379918588874,1632.6227951153323,1.4214786014985763,A_HIGH_FREQ_HIGH_VOL
34016,1839,963643,524.0038064165308,646.6094835764553,2.4952510176390774,1307.5210312075983,1.2316281818792076,A_HIGH_FREQ_HIGH_VOL
34017,1197,309842,258.8487886382623,290.24374434151736,1.6241519674355496,420.40976933514247,1.1169717044383383,A_HIGH_FREQ_HIGH_VOL
34018,1045,244624,234.08995215311006,255.0136641679305,1.4179104477611941,331.9185888738128,1.084749313326009,A_HIGH_FREQ_HIGH_VOL
34019,202,26478,131.07920792079207,93.97233457268754,0.27408412483039346,35.92672998643148,0.7114846920420871,C_MEDIUM_FREQ
34183,379,33436,88.22163588390501,83.10389657463858,0.514246947082768,45.367706919945725,0.9314321100632271,B_HIGH_FREQ_LOW_VOL
34201,349,29119,83.43553008595988,84.58818087168471,0.4735413839891452,39.5101763907734,1.0018078975233462,C_MEDIUM_FREQ
34202,218,15317,70.26146788990826,61.66776213155974,0.29579375848032563,20.78290366350068,0.8653731666997118,C_MEDIUM_FREQ
34203,309,20798,67.30744336569579,65.5149876993623,0.41926729986431477,28.219810040705564,0.9591193063487445,C_MEDIUM_FREQ
34204,15,576,38.4,28.040277153714847,0.0203527815468114,0.7815468113975577,0.7116821612617982,D_LOW_FREQ
34205,11,425,38.63636363636363,25.89313703386566,0.014925373134328358,0.576662143826323,0.6532672187443171,D_LOW_FREQ
34206,9,250,27.77777777777778,8.333333333333334,0.012211668928086838,0.33921302578018997,0.2895752895752896,D_LOW_FREQ
34207,14,340,24.285714285714285,11.578684470436789,0.018995929443690638,0.46132971506105835,0.4579140751020199,D_LOW_FREQ
34208,196,4708,24.020408163265305,24.334202833149394,0.26594301221166894,6.388059701492537,0.9725741752237523,C_MEDIUM_FREQ
34209,126,3032,24.063492063492063,24.257533603149692,0.17096336499321574,4.113975576662144,0.9678433293213621,C_MEDIUM_FREQ
34210,142,3145,22.14788732394366,22.692188546653217,0.1926729986431479,4.26729986431479,0.9803135910023599,C_MEDIUM_FREQ
34211,143,3880,27.132867132867133,40.686925221441584,0.19402985074626866,5.264586160108548,1.4462416869664794,C_MEDIUM_FREQ
34212,155,3563,22.98709677419355,24.11794263823022,0.21031207598371776,4.834464043419267,1.0054548437132018,C_MEDIUM_FREQ
34213,212,4577,21.589622641509433,21.218709571410866,0.2876526458616011,6.210312075983718,0.9393122633408026,C_MEDIUM_FREQ
34214,128,1934,15.109375,17.10239398216693,0.17367706919945725,2.6241519674355493,1.0616423034516813,C_MEDIUM_FREQ
34215,128,2035,15.8984375,17.750164618844046,0.17367706919945725,2.7611940298507465,1.0504027143837438,C_MEDIUM_FREQ
34216,153,2375,15.522875816993464,22.138643568287737,0.20759837177747625,3.2225237449118045,1.339878348871845,C_MEDIUM_FREQ
34391,80,7224,90.3,61.24869412196124,0.10854816824966079,9.80189959294437,0.6708509761441538,C_MEDIUM_FREQ
34392,1234,306887,248.69286871961103,311.00284719418767,1.6743554952510176,416.4002713704206,1.2455415678828368,A_HIGH_FREQ_HIGH_VOL
34393,1085,182317,168.03410138248847,213.44157089605682,1.4721845318860245,247.37720488466758,1.2627130806764466,A_HIGH_FREQ_HIGH_VOL
34394,529,43303,81.85822306238185,106.23940559239018,0.7177747625508819,58.75576662143826,1.2821830068984852,A_HIGH_FREQ_HIGH_VOL
34395,166,10466,63.04819277108434,56.43648156343186,0.22523744911804613,14.200814111261872,0.8811565029655465,C_MEDIUM_FREQ
34396,29,1383,47.689655172413794,70.32734859634004,0.03934871099050204,1.8765264586160109,1.444400219046644,D_LOW_FREQ
34397,477,54690,114.65408805031447,131.3786938052888,0.6472184531886025,74.20624151967435,1.1359623859394703,A_HIGH_FREQ_HIGH_VOL
34398,11,614,55.81818181818182,32.97822973362331,0.014925373134328358,0.8331071913161465,0.5804168433117702,D_LOW_FREQ
34399,26,2007,77.1923076923077,80.02500570735087,0.035278154681139755,2.723202170963365,1.0234383415598243,D_LOW_FREQ
34400,1,50,50.0,,0.0013568521031207597,0.06784260515603799,,D_LOW_FREQ
34401,4,218,54.5,41.96427051671457,0.005427408412483039,0.29579375848032563,0.7561129822831454,D_LOW_FREQ
34402,283,26518,93.70318021201413,81.5602085208459,0.383989145183175,35.98100407055631,0.8612193205999549,C_MEDIUM_FREQ
34403,954,189413,198.54612159329142,191.8558408357733,1.294436906377205,257.00542740841246,0.9614611364224247,A_HIGH_FREQ_HIGH_VOL
34405,7,491,70.14285714285714,64.1103958585724,0.009497964721845319,0.666214382632293,0.9011501425903752,D_LOW_FREQ
34406,259,24882,96.06949806949807,141.14592961141716,0.3514246947082768,33.76119402985075,1.454070871061495,C_MEDIUM_FREQ
34407,21,1602,76.28571428571429,102.67431171288312,0.028493894165535955,2.1736770691994574,1.328503109039153,D_LOW_FREQ
34408,444,47746,107.53603603603604,115.62493290509602,0.6024423337856174,64.7842605156038,1.0653137623959874,A_HIGH_FREQ_HIGH_VOL
34409,4,300,75.0,28.867513459481287,0.005427408412483039,0.40705563093622793,0.37983570341422745,D_LOW_FREQ
34410,10,557,55.7,42.812381386697,0.013568521031207599,0.7557666214382632,0.7550684547918342,D_LOW_FREQ
34455,2,150,75.0,35.35533905932738,0.0027137042062415195,0.20352781546811397,0.4652018297279918,D_LOW_FREQ
34637,307,736822,2400.071661237785,4454.764412256174,0.41655359565807326,999.7584803256445,1.8553233892068355,C_MEDIUM_FREQ
34794,1,1,1.0,,0.0013568521031207597,0.0013568521031207597,,D_LOW_FREQ
34833,1,40,40.0,,0.0013568521031207597,0.054274084124830396,,D_LOW_FREQ
34836,1,1,1.0,,0.0013568521031207597,0.0013568521031207597,,D_LOW_FREQ
34842,6,384,64.0,23.5966099260042,0.008141112618724558,0.5210312075983717,0.3630247680923723,D_LOW_FREQ
34868,1,12,12.0,,0.0013568521031207597,0.016282225237449117,,D_LOW_FREQ
34875,1,60,60.0,,0.0013568521031207597,0.0814111261872456,,D_LOW_FREQ
34877,7,446,63.714285714285715,27.139849457420144,0.009497964721845319,0.6051560379918589,0.4193795721897152,D_LOW_FREQ
34884,1,64,64.0,,0.0013568521031207597,0.08683853459972862,,D_LOW_FREQ
34888,23,1205,52.391304347826086,30.659032675297833,0.031207598371777476,1.6350067842605156,0.5742326966871745,D_LOW_FREQ
34970,2,142,71.0,97.58073580374356,0.0027137042062415195,0.1926729986431479,1.3552879972742162,D_LOW_FREQ
34975,2,300,150.0,0.0,0.0027137042062415195,0.40705563093622793,0.0,D_LOW_FREQ
34982,31,69212,2232.6451612903224,2393.2301957589607,0.04206241519674356,93.91044776119404,1.0714460099725285,D_LOW_FREQ
35574,1373,520535,379.12235979606703,461.02721333036504,1.8629579375848033,706.2890094979647,1.2128389752649722,A_HIGH_FREQ_HIGH_VOL
35575,18,2150,119.44444444444444,132.9958965409536,0.024423337856173677,2.9172320217096335,1.1042094731259986,D_LOW_FREQ
35576,1078,281789,261.399814471243,280.8359630513075,1.462686567164179,382.3459972862958,1.0702597622533188,A_HIGH_FREQ_HIGH_VOL
35577,12,700,58.333333333333336,19.462473604038077,0.016282225237449117,0.9497964721845319,0.32801921804558554,D_LOW_FREQ
35578,837,200159,239.13859020310633,249.136935895095,1.135685210312076,271.58616010854814,1.0374714688063171,A_HIGH_FREQ_HIGH_VOL
35579,46,3431,74.58695652173913,44.60920487321299,0.06241519674355495,4.655359565807327,0.5901706713165941,D_LOW_FREQ
35580,928,263774,284.23922413793105,363.4954433226552,1.2591587516960652,357.9023066485753,1.2743529380338041,A_HIGH_FREQ_HIGH_VOL
35581,10,636,63.6,25.487251715318386,0.013568521031207599,0.8629579375848032,0.39453950023712675,D_LOW_FREQ
35582,1,100,100.0,,0.0013568521031207597,0.13568521031207598,,D_LOW_FREQ
35583,14,979,69.92857142857143,63.03291482748003,0.018995929443690638,1.328358208955224,0.8886815786351665,D_LOW_FREQ
35584,1552,823590,530.6636597938144,631.7806763209372,2.1058344640434195,1117.4898236092265,1.1883089330686047,A_HIGH_FREQ_HIGH_VOL
35585,1643,723572,440.3968350578211,588.3696177601742,2.2293080054274084,981.7801899592945,1.3329719903476431,A_HIGH_FREQ_HIGH_VOL
35586,761,151231,198.72667542706964,201.5256322618488,1.0325644504748983,205.19810040705562,1.0090070934737811,A_HIGH_FREQ_HIGH_VOL
35587,181,24254,134.0,97.98673379595833,0.24559023066485752,32.90909090909091,0.7258276577478395,C_MEDIUM_FREQ
35588,175,15713,89.78857142857143,77.8396959105167,0.23744911804613297,21.3202170963365,0.8573732870304898,C_MEDIUM_FREQ
35589,1,50,50.0,,0.0013568521031207597,0.06784260515603799,,D_LOW_FREQ
35590,16,1550,96.875,61.82973933849848,0.021709633649932156,2.1031207598371777,0.6317214747228452,D_LOW_FREQ
35591,4,119,29.75,24.390913608691797,0.005427408412483039,0.1614654002713704,0.7932004425590828,D_LOW_FREQ
35592,2,58,29.0,29.698484809834994,0.0027137042062415195,0.07869742198100407,0.9899494936611665,D_LOW_FREQ
35593,346,39894,115.30057803468208,101.75943128151499,0.4694708276797829,54.130257801899596,0.8749692649951339,C_MEDIUM_FREQ
35594,193,19036,98.6321243523316,80.0899520600709,0.2618724559023066,25.829036635006783,0.8038567136925313,C_MEDIUM_FREQ
35595,919,223536,243.23830250272036,281.3189384148192,1.2469470827679783,303.3052917232022,1.1518215428625729,A_HIGH_FREQ_HIGH_VOL
35596,839,138280,164.81525625744933,196.66611628446614,1.1383989145183175,187.62550881953868,1.186055618302799,A_HIGH_FREQ_HIGH_VOL
35597,450,35698,79.32888888888888,87.4071358877975,0.6105834464043419,48.436906377204885,1.0881158335041738,B_HIGH_FREQ_LOW_VOL
35598,152,10011,65.86184210526316,84.80129086095043,0.2062415196743555,13.583446404341927,1.268306229544865,C_MEDIUM_FREQ
35602,304,32241,106.05592105263158,91.12034709434775,0.412483039348711,43.74626865671642,0.8511471967024647,C_MEDIUM_FREQ
35603,1,15,15.0,,0.0013568521031207597,0.0203527815468114,,D_LOW_FREQ
35636,56,3611,64.48214285714286,54.33029995781813,0.07598371777476255,4.899592944369064,0.8296964269533174,D_LOW_FREQ
35637,55,3289,59.8,45.53321945650311,0.07462686567164178,4.462686567164179,0.7489016357977486,D_LOW_FREQ
35638,55,3780,68.72727272727273,54.368923090123815,0.07462686567164178,5.128900949796472,0.7797368370161172,D_LOW_FREQ
35639,39,2014,51.64102564102564,36.23714812431486,0.052917232021709636,2.7327001356852105,0.6883822585719822,D_LOW_FREQ
35840,263,21787,82.8403041825095,102.64429970778964,0.3568521031207598,29.561736770691994,1.224283484043024,C_MEDIUM_FREQ
35864,12,1424,118.66666666666667,230.54770097366494,0.016282225237449117,1.932157394843962,1.9265824593899576,D_LOW_FREQ
35912,192,14965,77.94270833333333,77.4415628287518,0.26051560379918587,20.30529172320217,0.9809843678247903,C_MEDIUM_FREQ
35923,2,13075,6537.5,0.7071067811865476,0.0027137042062415195,17.740841248303933,0.000108145106857314,D_LOW_FREQ
35983,30,129980,4332.666666666667,6573.641164599689,0.0407055630936228,176.36363636363637,1.5168774320282337,D_LOW_FREQ
35984,17,75900,4464.705882352941,5791.284526820301,0.023066485753052916,102.98507462686567,1.2968351878491657,D_LOW_FREQ
35987,2,58,29.0,0.0,0.0027137042062415195,0.07869742198100407,0.0,D_LOW_FREQ
35995,10,1148,114.8,111.39898264047716,0.013568521031207599,1.5576662143826323,0.9619946687433261,D_LOW_FREQ
35996,159,26242,165.0440251572327,183.9912059645872,0.2157394843962008,35.60651289009498,1.108086881116979,C_MEDIUM_FREQ
35997,166,32329,194.75301204819277,235.5870150444189,0.22523744911804613,43.865671641791046,1.2034911370171884,C_MEDIUM_FREQ
35998,100,17061,170.61,181.92422082068163,0.13568521031207598,23.149253731343283,1.0601026794515565,C_MEDIUM_FREQ
35999,71,10937,154.04225352112675,142.51269984708813,0.09633649932157395,14.83989145183175,0.9191861999585081,D_LOW_FREQ
36000,18,2244,124.66666666666667,110.77162516265828,0.024423337856173677,3.044776119402985,0.8814718182704903,D_LOW_FREQ
36077,45,2950,65.55555555555556,45.222457994570654,0.06105834464043419,4.002713704206242,0.6794693187831985,D_LOW_FREQ
36078,99,8235,83.18181818181819,79.3208884186103,0.13432835820895522,11.173677069199456,0.9422567738711806,C_MEDIUM_FREQ
36079,34,3952,116.23529411764706,224.09198041490578,0.04613297150610583,5.3622795115332424,1.9114719854758646,D_LOW_FREQ
36080,33,4220,127.87878787878788,138.27977924658705,0.04477611940298507,5.725915875169607,1.072944442778597,D_LOW_FREQ
36081,104,10757,103.4326923076923,107.23567769787199,0.14111261872455902,14.595658073270014,1.026840114223247,C_MEDIUM_FREQ
36085,331,61205,184.90936555891238,182.73727855209665,0.4491180461329715,83.04613297150611,0.9829374545102703,C_MEDIUM_FREQ
36094,1,10,10.0,,0.0013568521031207597,0.013568521031207599,,D_LOW_FREQ
36113,1,1200,1200.0,,0.0013568521031207597,1.6282225237449117,,D_LOW_FREQ
36155,1134,47185,41.60934744268078,50.514108390038096,1.5386702849389418,64.02306648575305,1.1855170619073905,A_HIGH_FREQ_HIGH_VOL
36219,1,1,1.0,,0.0013568521031207597,0.0013568521031207597,,D_LOW_FREQ
36220,2,73,36.5,50.204581464244875,0.0027137042062415195,0.09905020352781546,1.33878883904653,D_LOW_FREQ
36221,1,360,360.0,,0.0013568521031207597,0.48846675712347354,,D_LOW_FREQ
36223,35,5758,164.5142857142857,155.53576691525316,0.04748982360922659,7.812754409769335,0.9397120390184466,D_LOW_FREQ
36225,5,1365,273.0,326.56546051289627,0.0067842605156037995,1.852103120759837,1.1918447463974315,D_LOW_FREQ
36238,3,3250,1083.3333333333333,877.9711460710615,0.004070556309362279,4.409769335142469,0.8096875002192391,D_LOW_FREQ
36239,16,7974,498.375,454.48049096376695,0.021709633649932156,10.819538670284938,0.910098605184014,D_LOW_FREQ
36240,7,3960,565.7142857142857,913.7776378466326,0.009497964721845319,5.373134328358209,1.6124132757565992,D_LOW_FREQ
36241,6,2001,333.5,503.4019268934118,0.008141112618724558,2.7150610583446406,1.50493849594443,D_LOW_FREQ
36256,1,30,30.0,,0.0013568521031207597,0.0407055630936228,,D_LOW_FREQ
36493,1,100,100.0,,0.0013568521031207597,0.13568521031207598,,D_LOW_FREQ
36498,717,16223,22.626220362622036,20.77277396853921,0.9728629579375848,22.012211668928085,0.8792254389281353,B_HIGH_FREQ_LOW_VOL
36520,63,30238,479.968253968254,1266.7423926349488,0.08548168249660787,41.028493894165535,2.633733894458987,D_LOW_FREQ
36521,40,20134,503.35,650.7571743745896,0.054274084124830396,27.318860244233377,1.2902888358770488,D_LOW_FREQ
36543,2,6,3.0,1.4142135623730951,0.0027137042062415195,0.008141112618724558,0.3535533905932738,D_LOW_FREQ
36621,57,12244,214.80701754385964,362.0408145201949,0.0773405698778833,16.613297150610585,1.6776137247094633,D_LOW_FREQ
36622,154,33905,220.16233766233765,240.0589108193667,0.208955223880597,46.004070556309365,1.085442093607636,C_MEDIUM_FREQ
36641,36,4561,126.69444444444444,123.90337697333685,0.048846675712347354,6.188602442333786,0.9703114141918918,D_LOW_FREQ
36658,555,26047,46.93153153153153,54.06296299562932,0.7530529172320217,35.34192672998643,1.1279206248618252,B_HIGH_FREQ_LOW_VOL
36659,1,10,10.0,,0.0013568521031207597,0.013568521031207599,,D_LOW_FREQ
36680,2,7,3.5,3.5355339059327378,0.0027137042062415195,0.009497964721845319,0.7856742013183862,D_LOW_FREQ
36681,1,50,50.0,,0.0013568521031207597,0.06784260515603799,,D_LOW_FREQ
36682,1,30,30.0,,0.0013568521031207597,0.0407055630936228,,D_LOW_FREQ
36753,1,270,270.0,,0.0013568521031207597,0.36635006784260515,,D_LOW_FREQ
37047,2,1360,680.0,452.54833995939043,0.0027137042062415195,1.8453188602442334,0.6645350072825117,D_LOW_FREQ
37059,2,1800,900.0,707.1067811865476,0.0027137042062415195,2.4423337856173677,0.7848021988751915,D_LOW_FREQ
37066,2,1520,760.0,339.4112549695428,0.0027137042062415195,2.062415196743555,0.44600690534762527,D_LOW_FREQ
37128,91,51256,563.2527472527472,675.658174480535,0.12347354138398914,69.54681139755766,1.197438874281432,C_MEDIUM_FREQ
37145,93,74847,804.8064516129032,1133.7141658980559,0.12618724559023067,101.5563093622795,1.406931110602071,C_MEDIUM_FREQ
37146,103,75525,733.252427184466,1166.4701967772432,0.13975576662143827,102.47625508819539,1.5886501066808068,C_MEDIUM_FREQ
37148,2,41,20.5,27.577164466275352,0.0027137042062415195,0.05563093622795115,1.2826588123849,D_LOW_FREQ
37150,3,220,73.33333333333333,46.188021535170066,0.004070556309362279,0.29850746268656714,0.6213635184103596,D_LOW_FREQ
37151,102,11705,114.75490196078431,134.59263336427776,0.1383989145183175,15.881953867028495,1.1627380878424944,C_MEDIUM_FREQ
37160,1,1,1.0,,0.0013568521031207597,0.0013568521031207597,,D_LOW_FREQ
37161,1,70,70.0,,0.0013568521031207597,0.09497964721845319,,D_LOW_FREQ
38040,2,2836,1418.0,0.0,0.0027137042062415195,3.8480325644504747,0.0,D_LOW_FREQ
38041,2,4283,2141.5,0.7071067811865476,0.0027137042062415195,5.811397557666214,0.00033003817091554143,D_LOW_FREQ
38042,2,1219,609.5,0.7071067811865476,0.0027137042062415195,1.6540027137042062,0.0011582420658256308,D_LOW_FREQ
38043,2,408,204.0,0.0,0.0027137042062415195,0.55359565807327,0.0,D_LOW_FREQ
38044,2,43,21.5,0.7071067811865476,0.0027137042062415195,0.05834464043419267,0.03142696805273545,D_LOW_FREQ
38045,2,451,225.5,0.7071067811865476,0.0027137042062415195,0.6119402985074627,0.003121884243649217,D_LOW_FREQ
38046,2,56,28.0,0.0,0.0027137042062415195,0.07598371777476255,0.0,D_LOW_FREQ
38047,2,81,40.5,0.7071067811865476,0.0027137042062415195,0.10990502035278155,0.017038717618952953,D_LOW_FREQ
38052,2,13,6.5,0.7071067811865476,0.0027137042062415195,0.017639077340569877,0.09428090415820635,D_LOW_FREQ
38053,2,770,385.0,0.0,0.0027137042062415195,1.044776119402985,0.0,D_LOW_FREQ
38055,2,758,379.0,0.0,0.0027137042062415195,1.028493894165536,0.0,D_LOW_FREQ
38056,2,788,394.0,0.0,0.0027137042062415195,1.0691994572591588,0.0,D_LOW_FREQ
38057,2,134,67.0,0.0,0.0027137042062415195,0.18181818181818182,0.0,D_LOW_FREQ
38058,2,18,9.0,0.0,0.0027137042062415195,0.024423337856173677,0.0,D_LOW_FREQ
38059,2,266,133.0,0.0,0.0027137042062415195,0.36092265943012214,0.0,D_LOW_FREQ
38060,2,15,7.5,0.7071067811865476,0.0027137042062415195,0.0203527815468114,0.0831890330807703,D_LOW_FREQ
38061,2,2,1.0,0.0,0.0027137042062415195,0.0027137042062415195,0.0,D_LOW_FREQ
38075,2,22,11.0,0.0,0.0027137042062415195,0.029850746268656716,0.0,D_LOW_FREQ
38077,2,146,73.0,0.0,0.0027137042062415195,0.19810040705563092,0.0,D_LOW_FREQ
38078,2,287,143.5,0.7071067811865476,0.0027137042062415195,0.3894165535956581,0.004893472534162959,D_LOW_FREQ
38079,2,153,76.5,0.7071067811865476,0.0027137042062415195,0.20759837177747625,0.009123958466923194,D_LOW_FREQ
38080,4,52,13.0,13.856406460551018,0.005427408412483039,0.07055630936227951,0.989743318610787,D_LOW_FREQ
38081,3,67,22.333333333333332,18.475208614068027,0.004070556309362279,0.09090909090909091,0.7917946548886298,D_LOW_FREQ
38082,2,14,7.0,0.0,0.0027137042062415195,0.018995929443690638,0.0,D_LOW_FREQ
38083,2,10,5.0,0.0,0.0027137042062415195,0.013568521031207599,0.0,D_LOW_FREQ
38085,2,10,5.0,0.0,0.0027137042062415195,0.013568521031207599,0.0,D_LOW_FREQ
38093,2,5650,2825.0,0.0,0.0027137042062415195,7.666214382632293,0.0,D_LOW_FREQ
38094,2,330,165.0,0.0,0.0027137042062415195,0.44776119402985076,0.0,D_LOW_FREQ
38095,2,131,65.5,0.7071067811865476,0.0027137042062415195,0.17774762550881953,0.010633184679496956,D_LOW_FREQ
38105,2,44,22.0,0.0,0.0027137042062415195,0.05970149253731343,0.0,D_LOW_FREQ
38106,2,3,1.5,0.7071067811865476,0.0027137042062415195,0.004070556309362279,0.282842712474619,D_LOW_FREQ
38134,1,6,6.0,,0.0013568521031207597,0.008141112618724558,,D_LOW_FREQ
38140,1,10,10.0,,0.0013568521031207597,0.013568521031207599,,D_LOW_FREQ
38146,2,800,400.0,0.0,0.0027137042062415195,1.0854816824966078,0.0,D_LOW_FREQ
38147,2,196,98.0,0.0,0.0027137042062415195,0.26594301221166894,0.0,D_LOW_FREQ
38148,2,49,24.5,0.7071067811865476,0.0027137042062415195,0.06648575305291723,0.0277296776935901,D_LOW_FREQ
38152,110,13687,124.42727272727272,120.59458650887292,0.14925373134328357,18.57123473541384,0.9614702120733508,C_MEDIUM_FREQ
38153,1,110,110.0,,0.0013568521031207597,0.14925373134328357,,D_LOW_FREQ
38391,1,100,100.0,,0.0013568521031207597,0.13568521031207598,,D_LOW_FREQ
38614,7,4581,654.4285714285714,413.42546976162345,0.009497964721845319,6.215739484396201,0.6307712049545258,D_LOW_FREQ
38615,1,1053,1053.0,,0.0013568521031207597,1.4287652645861602,,D_LOW_FREQ
38616,2,190,95.0,7.0710678118654755,0.0027137042062415195,0.25780189959294436,0.0736569563735987,D_LOW_FREQ
38617,1,90,90.0,,0.0013568521031207597,0.12211668928086838,,D_LOW_FREQ
38618,4,26082,6520.5,3181.7641333071815,0.005427408412483039,35.38941655359566,0.4878883896813895,D_LOW_FREQ
38711,113,32408,286.79646017699116,667.411339206672,0.15332428765264586,43.972862957937586,2.3190394308401934,C_MEDIUM_FREQ
38717,106,24409,230.27358490566039,266.9348960405307,0.14382632293080055,33.11940298507463,1.1541953489821029,C_MEDIUM_FREQ
38718,138,42453,307.6304347826087,626.1917464327836,0.18724559023066487,57.60244233378562,2.0289371230476894,C_MEDIUM_FREQ
38719,119,38255,321.47058823529414,373.94950768400366,0.1614654002713704,51.90637720488467,1.1596391154009598,C_MEDIUM_FREQ
38720,129,31150,241.47286821705427,282.5853321763893,0.17503392130257803,42.26594301221167,1.165430731505298,C_MEDIUM_FREQ
38744,454,26141,57.57929515418502,99.33561465343111,0.6160108548168249,35.469470827679785,1.695746157272334,B_HIGH_FREQ_LOW_VOL
38748,18,2554,141.88888888888889,89.15280266050094,0.024423337856173677,3.4654002713704206,0.6239309672974405,D_LOW_FREQ
38781,178,6211,34.89325842696629,31.514230657838322,0.24151967435549526,8.42740841248304,0.8779986002653344,C_MEDIUM_FREQ
38907,221,9224,41.737556561085974,36.363991822614786,0.29986431478968795,12.51560379918589,0.850867357628149,C_MEDIUM_FREQ
38909,4,102,25.5,32.66496594212215,0.005427408412483039,0.1383989145183175,1.2326402242310246,D_LOW_FREQ
38910,3,3,1.0,0.0,0.004070556309362279,0.004070556309362279,0.0,D_LOW_FREQ
38911,3,86,28.666666666666668,27.209067116190024,0.004070556309362279,0.11668928086838534,0.9171595657142705,D_LOW_FREQ
38913,4,89,22.25,20.694202086574876,0.005427408412483039,0.12075983717774763,0.8900732080247259,D_LOW_FREQ
38963,80,6331,79.1375,92.71717492091987,0.10854816824966079,8.59023066485753,1.1569761337815614,C_MEDIUM_FREQ
39005,1,620,620.0,,0.0013568521031207597,0.841248303934871,,D_LOW_FREQ
39009,27,6749,249.96296296296296,597.0092436780498,0.036635006784260515,9.157394843962008,2.3788739048564556,D_LOW_FREQ
39030,124,24108,194.41935483870967,233.69263034165877,0.16824966078697423,32.71099050203528,1.1958520205664283,C_MEDIUM_FREQ
39031,55,11306,205.56363636363636,244.51363391785983,0.07462686567164178,15.340569877883311,1.1837206113442735,D_LOW_FREQ
39033,41,7010,170.97560975609755,258.7153346638809,0.05563093622795115,9.511533242876526,1.5043722480809982,D_LOW_FREQ
39035,33,4741,143.66666666666666,107.01596454112192,0.04477611940298507,6.432835820895522,0.7397416903764188,D_LOW_FREQ
39036,19,1501,79.0,60.102689900979755,0.025780189959294438,2.0366350067842607,0.7512836237622469,D_LOW_FREQ
39039,4,1562,390.5,462.84734704507775,0.005427408412483039,2.1194029850746268,1.1822409886208882,D_LOW_FREQ
39048,1,1,1.0,,0.0013568521031207597,0.0013568521031207597,,D_LOW_FREQ
39055,1,4,4.0,,0.0013568521031207597,0.005427408412483039,,D_LOW_FREQ
39058,7,360,51.42857142857143,30.237157840738178,0.009497964721845319,0.48846675712347354,0.576730531022254,D_LOW_FREQ
39077,1,4,4.0,,0.0013568521031207597,0.005427408412483039,,D_LOW_FREQ
39141,2,4,2.0,1.4142135623730951,0.0027137042062415195,0.005427408412483039,0.47140452079103173,D_LOW_FREQ
39454,3,1095,365.0,150.58220346375597,0.004070556309362279,1.485753052917232,0.4114267854200983,D_LOW_FREQ
39478,1,30,30.0,,0.0013568521031207597,0.0407055630936228,,D_LOW_FREQ
39479,1,30,30.0,,0.0013568521031207597,0.0407055630936228,,D_LOW_FREQ
39891,5,4880,976.0,921.129741133137,0.0067842605156037995,6.621438263229308,0.9428144740359642,D_LOW_FREQ
39892,1,520,520.0,,0.0013568521031207597,0.7055630936227951,,D_LOW_FREQ
39905,135,49807,368.94074074074075,763.7185615383806,0.18317503392130258,67.58073270013568,2.0644348605919145,C_MEDIUM_FREQ
39906,125,45777,366.216,875.4121295230773,0.16960651289009498,62.11261872455902,2.3839160862355597,C_MEDIUM_FREQ
39907,212,58206,274.5566037735849,510.8630663986309,0.2876526458616011,78.97693351424695,1.8539314950273844,C_MEDIUM_FREQ
39908,151,40058,265.28476821192055,532.4973411825133,0.20488466757123475,54.3527815468114,1.9997288795682435,C_MEDIUM_FREQ
39909,12,1664,138.66666666666666,132.10005390772648,0.016282225237449117,2.2578018995929443,0.9458237749956551,D_LOW_FREQ
39910,15,1620,108.0,81.95817748792891,0.0203527815468114,2.198100407055631,0.751909885210357,D_LOW_FREQ
39911,20,1284,64.2,50.66463523166721,0.027137042062415198,1.7421981004070557,0.7770649575409081,D_LOW_FREQ
39912,17,3491,205.35294117647058,546.4667122955055,0.023066485753052916,4.736770691994573,2.6482138281139096,D_LOW_FREQ
39913,45,9824,218.3111111111111,295.46225895137,0.06105834464043419,13.329715061058344,1.347228863391595,D_LOW_FREQ
39914,49,8106,165.42857142857142,162.21243787083654,0.06648575305291723,10.99864314789688,0.9746670086659707,D_LOW_FREQ
39915,39,5026,128.87179487179486,105.57067462809216,0.052917232021709636,6.819538670284939,0.8128837730494758,D_LOW_FREQ
39916,35,3233,92.37142857142857,115.04579285563428,0.04748982360922659,4.386702849389416,1.2321305844391677,D_LOW_FREQ
39940,5,9100,1820.0,1526.6794031492009,0.0067842605156037995,12.347354138398915,0.8383741917348715,D_LOW_FREQ
39941,6,8471,1411.8333333333333,1713.2927848638908,0.008141112618724558,11.493894165535957,1.2126644696453162,D_LOW_FREQ
39942,8,15900,1987.5,2872.747564863396,0.010854816824966078,21.573948439620082,1.444680696436206,D_LOW_FREQ
39943,3,4050,1350.0,1081.6653826391969,0.004070556309362279,5.495251017639077,0.8006405496959267,D_LOW_FREQ
39944,2,2200,1100.0,424.26406871192853,0.0027137042062415195,2.985074626865672,0.3853442949245491,D_LOW_FREQ
39945,4,1301,325.25,455.2840688332212,0.005427408412483039,1.7652645861601086,1.3955067243930153,D_LOW_FREQ
39946,1,150,150.0,,0.0013568521031207597,0.20352781546811397,,D_LOW_FREQ
39947,5,8102,1620.4,2179.536716827684,0.0067842605156037995,10.993215739484397,1.3442313536620722,D_LOW_FREQ
39948,5,2601,520.2,374.82022357391554,0.0067842605156037995,3.5291723202170964,0.7191485486836445,D_LOW_FREQ
39949,3,5050,1683.3333333333333,758.836829188814,0.004070556309362279,6.852103120759837,0.4505265164390347,D_LOW_FREQ
39950,4,2000,500.0,244.94897427831782,0.005427408412483039,2.7137042062415198,0.48892010833995575,D_LOW_FREQ
39951,1,2100,2100.0,,0.0013568521031207597,2.8493894165535956,,D_LOW_FREQ
39952,1,2100,2100.0,,0.0013568521031207597,2.8493894165535956,,D_LOW_FREQ
39953,3,1561,520.3333333333334,519.5000802053195,0.004070556309362279,2.118046132971506,0.9964835298056,D_LOW_FREQ
39954,3,331,110.33333333333333,134.12804827228842,0.004070556309362279,0.4491180461329715,1.2047429485534888,D_LOW_FREQ
39957,2,520,260.0,0.0,0.0027137042062415195,0.7055630936227951,0.0,D_LOW_FREQ
39958,1,100,100.0,,0.0013568521031207597,0.13568521031207598,,D_LOW_FREQ
39959,3,520,173.33333333333334,75.05553499465135,0.004070556309362279,0.7055630936227951,0.43052888142247425,D_LOW_FREQ
39960,2,190,95.0,7.0710678118654755,0.0027137042062415195,0.25780189959294436,0.0736569563735987,D_LOW_FREQ
39967,1,1,1.0,,0.0013568521031207597,0.0013568521031207597,,D_LOW_FREQ
39969,5,418,83.6,122.267330059996,0.0067842605156037995,0.5671641791044776,1.4452403080377778,D_LOW_FREQ
39970,12,129,10.75,6.5383484153110105,0.016282225237449117,0.17503392130257803,0.5564551842817881,D_LOW_FREQ
39971,10,60,6.0,2.1081851067789197,0.013568521031207599,0.0814111261872456,0.3011693009684171,D_LOW_FREQ
39972,10,95,9.5,10.91634859587521,0.013568521031207599,0.12890094979647218,1.0396522472262104,D_LOW_FREQ
39975,2,55250,27625.0,0.0,0.0027137042062415195,74.96607869742198,0.0,D_LOW_FREQ
40356,2,210,105.0,21.213203435596427,0.0027137042062415195,0.28493894165535955,0.20012456071317383,D_LOW_FREQ
40357,2,180,90.0,0.0,0.0027137042062415195,0.24423337856173677,0.0,D_LOW_FREQ
40358,2,210,105.0,21.213203435596427,0.0027137042062415195,0.28493894165535955,0.20012456071317383,D_LOW_FREQ
40359,1,1,1.0,,0.0013568521031207597,0.0013568521031207597,,D_LOW_FREQ
40360,3,361,120.33333333333333,103.34569818494302,0.004070556309362279,0.4898236092265943,0.8517502597660139,D_LOW_FREQ
40361,3,739,246.33333333333334,248.56052247558003,0.004070556309362279,1.0027137042062415,1.0049616811681132,D_LOW_FREQ
40364,2,2,1.0,0.0,0.0027137042062415195,0.0027137042062415195,0.0,D_LOW_FREQ
40365,2,20,10.0,12.727922061357855,0.0027137042062415195,0.027137042062415198,1.1570838237598051,D_LOW_FREQ
40413,4,1421,355.25,406.4442356174665,0.005427408412483039,1.9280868385345997,1.1408960999788533,D_LOW_FREQ
40588,3,628,209.33333333333334,296.65018680818883,0.004070556309362279,0.8521031207598372,1.410381236805969,D_LOW_FREQ
40627,1,100,100.0,,0.0013568521031207597,0.13568521031207598,,D_LOW_FREQ
40663,46,4033,87.67391304347827,72.94687697155636,0.06241519674355495,5.4721845318860245,0.8226419074997775,D_LOW_FREQ
40675,67,8424,125.73134328358209,123.0325877118633,0.09090909090909091,11.430122116689281,0.9708142005293653,D_LOW_FREQ
40676,16,807,50.4375,20.2055066751616,0.021709633649932156,1.0949796472184532,0.392816654681149,D_LOW_FREQ
40677,15,732,48.8,23.26923167741348,0.0203527815468114,0.9932157394843962,0.4672536481408329,D_LOW_FREQ
40680,2,48,24.0,19.79898987322333,0.0027137042062415195,0.06512890094979647,0.7919595949289332,D_LOW_FREQ
40738,56,6801,121.44642857142857,107.0464503496848,0.07598371777476255,9.227951153324288,0.8742308909993217,D_LOW_FREQ
40900,23,1120,48.69565217391305,43.07122513677326,0.031207598371777476,1.519674355495251,0.8667000683690156,D_LOW_FREQ
40905,66,13687,207.37878787878788,179.161531340727,0.08955223880597014,18.57123473541384,0.8597877603786798,D_LOW_FREQ
40906,65,10841,166.7846153846154,167.72414967623288,0.08819538670284939,14.709633649932158,0.9996396230474176,D_LOW_FREQ
40907,1,28,28.0,,0.0013568521031207597,0.037991858887381276,,D_LOW_FREQ
40922,54,5628,104.22222222222223,77.41792164088989,0.07327001356852103,7.636363636363637,0.7357563830707592,D_LOW_FREQ
40923,9,662,73.55555555555556,39.54463020155553,0.012211668928086838,0.898236092265943,0.5304048760268253,D_LOW_FREQ
40925,79,32962,417.24050632911394,423.34302074086065,0.10719131614654002,44.72455902306648,1.0121999527413816,C_MEDIUM_FREQ
40969,2,69,34.5,34.64823227814083,0.0027137042062415195,0.09362279511533243,0.9760065430462206,D_LOW_FREQ
40970,3,19,6.333333333333333,1.1547005383792515,0.004070556309362279,0.025780189959294438,0.1574591643244434,D_LOW_FREQ
40971,2,8,4.0,0.0,0.0027137042062415195,0.010854816824966078,0.0,D_LOW_FREQ
41056,2,4,2.0,0.0,0.0027137042062415195,0.005427408412483039,0.0,D_LOW_FREQ
41057,2,44,22.0,16.97056274847714,0.0027137042062415195,0.05970149253731343,0.7378505542816147,D_LOW_FREQ
41058,1,17,17.0,,0.0013568521031207597,0.023066485753052916,,D_LOW_FREQ
41059,2,24,12.0,2.8284271247461903,0.0027137042062415195,0.032564450474898234,0.21757131728816848,D_LOW_FREQ
41060,1,43,43.0,,0.0013568521031207597,0.05834464043419267,,D_LOW_FREQ
41061,2,14,7.0,0.0,0.0027137042062415195,0.018995929443690638,0.0,D_LOW_FREQ
41062,2,8,4.0,0.0,0.0027137042062415195,0.010854816824966078,0.0,D_LOW_FREQ
41063,1,96,96.0,,0.0013568521031207597,0.13025780189959293,,D_LOW_FREQ
41064,1,96,96.0,,0.0013568521031207597,0.13025780189959293,,D_LOW_FREQ
41075,9,1035,115.0,194.06635463160532,0.012211668928086838,1.4043419267299864,1.672985815789701,D_LOW_FREQ
41092,1,4,4.0,,0.0013568521031207597,0.005427408412483039,,D_LOW_FREQ
41093,1,7,7.0,,0.0013568521031207597,0.009497964721845319,,D_LOW_FREQ
41173,10,800,80.0,48.3045891539648,0.013568521031207599,1.0854816824966078,0.596352952518084,D_LOW_FREQ
41175,11,634,57.63636363636363,26.934263410283663,0.014925373134328358,0.8602442333785617,0.4593440271521245,D_LOW_FREQ
41176,49,4189,85.48979591836735,59.836625646066324,0.06648575305291723,5.683853459972863,0.691834510773301,D_LOW_FREQ
41177,36,5171,143.63888888888889,129.5396580815042,0.048846675712347354,7.0162822252374495,0.8956073921517479,D_LOW_FREQ
41178,41,5160,125.85365853658537,151.33366462482988,0.05563093622795115,7.001356852103121,1.1929783214031964,D_LOW_FREQ
41207,12,438,36.5,70.97566804578493,0.016282225237449117,0.5943012211668928,1.8926844812209314,D_LOW_FREQ
41304,5,360,72.0,26.832815729997478,0.0067842605156037995,0.48846675712347354,0.3675728182191435,D_LOW_FREQ
41307,1,60,60.0,,0.0013568521031207597,0.0814111261872456,,D_LOW_FREQ
41308,2,320,160.0,113.13708498984761,0.0027137042062415195,0.43419267299864317,0.702714813601538,D_LOW_FREQ
41309,22,2891,131.4090909090909,79.34173170287116,0.029850746268656716,3.9226594301221165,0.5992166486313647,D_LOW_FREQ
41315,3,120,40.0,39.50949253027682,0.004070556309362279,0.1628222523744912,0.9636461592750445,D_LOW_FREQ
41355,11,891,81.0,48.91829923454004,0.014925373134328358,1.208955223880597,0.5965646248114639,D_LOW_FREQ
41372,1,80,80.0,,0.0013568521031207597,0.10854816824966079,,D_LOW_FREQ
41373,7,94,13.428571428571429,8.223080178318076,0.009497964721845319,0.12754409769335143,0.569916448002243,D_LOW_FREQ
41377,7,148,21.142857142857142,13.909571901255282,0.009497964721845319,0.20081411126187246,0.6281742148953998,D_LOW_FREQ
41379,3,61,20.333333333333332,4.618802153517006,0.004070556309362279,0.08276797829036635,0.21650635094610965,D_LOW_FREQ
41380,1,10,10.0,,0.0013568521031207597,0.013568521031207599,,D_LOW_FREQ
41385,1,20,20.0,,0.0013568521031207597,0.027137042062415198,,D_LOW_FREQ
41388,1,140,140.0,,0.0013568521031207597,0.18995929443690637,,D_LOW_FREQ
41574,1,4,4.0,,0.0013568521031207597,0.005427408412483039,,D_LOW_FREQ
41596,20,1325,66.25,29.717751207689073,0.027137042062415198,1.7978290366350067,0.4418996462109899,D_LOW_FREQ
41597,25,1097,43.88,40.258870658112926,0.033921302578018994,1.4884667571234735,0.8970336599401275,D_LOW_FREQ
41598,37,1409,38.08108108108108,40.72085077313204,0.050203527815468114,1.9118046132971507,1.0419581456472238,D_LOW_FREQ
41599,46,1463,31.804347826086957,30.148240829620104,0.06241519674355495,1.9850746268656716,0.9190318609426937,D_LOW_FREQ
41600,54,1212,22.444444444444443,20.617511028402273,0.07327001356852103,1.644504748982361,0.8794199016854051,D_LOW_FREQ
41601,47,806,17.148936170212767,15.606546457237874,0.06377204884667571,1.0936227951153323,0.8599152209732474,D_LOW_FREQ
41602,58,921,15.879310344827585,18.779493842745484,0.07869742198100407,1.2496607869742198,1.112574711827618,D_LOW_FREQ
41664,2,155,77.5,67.17514421272202,0.0027137042062415195,0.21031207598371776,0.8557343211811722,D_LOW_FREQ
41665,2,131,65.5,91.21677477306463,0.0027137042062415195,0.17774762550881953,1.3716808236551072,D_LOW_FREQ
41667,3,19,6.333333333333333,6.8068592855540455,0.004070556309362279,0.025780189959294438,0.9282080843937335,D_LOW_FREQ
41669,1,100,100.0,,0.0013568521031207597,0.13568521031207598,,D_LOW_FREQ
41670,4,162,40.5,60.11932578907829,0.005427408412483039,0.2198100407055631,1.4486584527488744,D_LOW_FREQ
41681,4,392,98.0,44.0,0.005427408412483039,0.5318860244233379,0.4444444444444444,D_LOW_FREQ
41703,40,4265,106.625,133.76820508741116,0.054274084124830396,5.786974219810041,1.2429101517994068,D_LOW_FREQ
41705,2,220,110.0,14.142135623730951,0.0027137042062415195,0.29850746268656714,0.1274066272408194,D_LOW_FREQ
41760,2,631,315.5,444.7701653663384,0.0027137042062415195,0.8561736770691994,1.4052769837799002,D_LOW_FREQ
41809,1,50,50.0,,0.0013568521031207597,0.06784260515603799,,D_LOW_FREQ
41894,4,202,50.5,33.27160951922825,0.005427408412483039,0.27408412483039346,0.6460506702762767,D_LOW_FREQ
41912,1,126,126.0,,0.0013568521031207597,0.17096336499321574,,D_LOW_FREQ
41924,3,152,50.666666666666664,86.02519010925424,0.004070556309362279,0.2062415196743555,1.6650036795339531,D_LOW_FREQ
41937,34,14942,439.47058823529414,564.3617062419905,0.04613297150610583,20.274084124830395,1.2812698993207583,D_LOW_FREQ
41940,30,20807,693.5666666666667,797.712145962497,0.0407055630936228,28.23202170963365,1.1485033535957627,D_LOW_FREQ
42055,1,1944,1944.0,,0.0013568521031207597,2.637720488466757,,D_LOW_FREQ
42067,3,120,40.0,32.92415526630866,0.004070556309362279,0.1628222523744912,0.8030281772270405,D_LOW_FREQ
42234,12,1592,132.66666666666666,84.86281264309456,0.016282225237449117,2.1601085481682496,0.6348838851104331,D_LOW_FREQ
42235,6,1216,202.66666666666666,132.7955822558366,0.008141112618724558,1.649932157394844,0.6520241354623728,D_LOW_FREQ
42242,1,1120,1120.0,,0.0013568521031207597,1.519674355495251,,D_LOW_FREQ
42243,1,520,520.0,,0.0013568521031207597,0.7055630936227951,,D_LOW_FREQ
42249,4,5000,1250.0,500.0,0.005427408412483039,6.784260515603799,0.3996802557953637,D_LOW_FREQ
42440,1,300,300.0,,0.0013568521031207597,0.40705563093622793,,D_LOW_FREQ
42442,5,100,20.0,9.354143466934854,0.0067842605156037995,0.13568521031207598,0.445435403187374,D_LOW_FREQ
42452,9,1593,177.0,135.64844267443692,0.012211668928086838,2.1614654002713705,0.762069902665376,D_LOW_FREQ
42453,5,1399,279.8,130.15452354797355,0.0067842605156037995,1.898236092265943,0.4635132604984813,D_LOW_FREQ
42481,1,120,120.0,,0.0013568521031207597,0.1628222523744912,,D_LOW_FREQ
42560,3,61,20.333333333333332,16.74315780649915,0.004070556309362279,0.08276797829036635,0.7848355221796476,D_LOW_FREQ
42563,1,27,27.0,,0.0013568521031207597,0.036635006784260515,,D_LOW_FREQ
42564,1,9,9.0,,0.0013568521031207597,0.012211668928086838,,D_LOW_FREQ
42565,1,100,100.0,,0.0013568521031207597,0.13568521031207598,,D_LOW_FREQ
42566,1,200,200.0,,0.0013568521031207597,0.27137042062415195,,D_LOW_FREQ
42580,1,300,300.0,,0.0013568521031207597,0.40705563093622793,,D_LOW_FREQ
42597,3,799,266.3333333333333,197.88969991723505,0.004070556309362279,1.0841248303934872,0.7402357852265651,D_LOW_FREQ
42598,2,799,399.5,0.7071067811865476,0.0027137042062415195,1.0841248303934872,0.0017655600029626657,D_LOW_FREQ
42599,2,800,400.0,0.0,0.0027137042062415195,1.0854816824966078,0.0,D_LOW_FREQ
42600,2,799,399.5,0.7071067811865476,0.0027137042062415195,1.0841248303934872,0.0017655600029626657,D_LOW_FREQ
42601,2,799,399.5,0.7071067811865476,0.0027137042062415195,1.0841248303934872,0.0017655600029626657,D_LOW_FREQ
42602,3,800,266.6666666666667,152.75252316519467,0.004070556309362279,1.0854816824966078,0.5706819047267546,D_LOW_FREQ
42603,2,800,400.0,0.0,0.0027137042062415195,1.0854816824966078,0.0,D_LOW_FREQ
42604,2,800,400.0,0.0,0.0027137042062415195,1.0854816824966078,0.0,D_LOW_FREQ
42607,1,200,200.0,,0.0013568521031207597,0.27137042062415195,,D_LOW_FREQ
42612,41,6050,147.5609756097561,129.08873862202074,0.05563093622795115,8.208955223880597,0.8689276446401002,D_LOW_FREQ
42614,1,800,800.0,,0.0013568521031207597,1.0854816824966078,,D_LOW_FREQ
42615,13,4900,376.9230769230769,248.84347876341246,0.017639077340569877,6.648575305291724,0.6584500761091721,D_LOW_FREQ
42616,8,4912,614.0,643.0036658415831,0.010854816824966078,6.664857530529172,1.0455344160025741,D_LOW_FREQ
42617,16,12301,768.8125,803.0291998634502,0.021709633649932156,16.690637720488468,1.0431490783319968,D_LOW_FREQ
42618,1,3,3.0,,0.0013568521031207597,0.004070556309362279,,D_LOW_FREQ
42661,1,170,170.0,,0.0013568521031207597,0.23066485753052918,,D_LOW_FREQ
42663,10,7705,770.5,635.3758730074663,0.013568521031207599,10.454545454545455,0.823559135460099,D_LOW_FREQ
43622,1,250,250.0,,0.0013568521031207597,0.33921302578018997,,D_LOW_FREQ
43623,1,30,30.0,,0.0013568521031207597,0.0407055630936228,,D_LOW_FREQ
43703,1,130,130.0,,0.0013568521031207597,0.17639077340569878,,D_LOW_FREQ
43768,11,2901,263.72727272727275,185.72242239917662,0.014925373134328358,3.9362279511533242,0.701561348348538,D_LOW_FREQ
43771,9,4300,477.77777777777777,411.63630117428227,0.012211668928086838,5.834464043419267,0.8597648434830681,D_LOW_FREQ
43772,1,1,1.0,,0.0013568521031207597,0.0013568521031207597,,D_LOW_FREQ
43788,6,1601,266.8333333333333,206.30115527225402,0.008141112618724558,2.1723202170963365,0.7702594471894986,D_LOW_FREQ
43826,22,8230,374.09090909090907,349.2497958673991,0.029850746268656716,11.166892808683853,0.9311070660546268,D_LOW_FREQ
43827,66,14729,223.16666666666666,247.35577512396895,0.08955223880597014,19.98507462686567,1.1034458369842481,D_LOW_FREQ
43904,67,11927,178.01492537313433,268.7832004883622,0.09090909090909091,16.1831750339213,1.501456931192285,D_LOW_FREQ
43905,44,4840,110.0,112.4567100172639,0.05970149253731343,6.567164179104478,1.0131235136690442,D_LOW_FREQ
43906,19,1080,56.8421052631579,27.69930435928498,0.025780189959294438,1.4654002713704206,0.47887787336343457,D_LOW_FREQ
43907,15,880,58.666666666666664,42.40395309514477,0.0203527815468114,1.1940298507462686,0.710680778130918,D_LOW_FREQ
43908,65,11377,175.03076923076924,185.8194662527625,0.08819538670284939,15.436906377204885,1.055607875059392,D_LOW_FREQ
43909,60,8060,134.33333333333334,127.60727181163713,0.0814111261872456,10.936227951153324,0.9429108754554467,D_LOW_FREQ
43910,52,6165,118.5576923076923,109.06903974026842,0.07055630936227951,8.364993215739485,0.9122712025887016,D_LOW_FREQ
43911,57,7805,136.9298245614035,130.60776333974766,0.0773405698778833,10.59023066485753,0.9469145904815082,D_LOW_FREQ
43912,12,600,50.0,24.863262420322442,0.016282225237449117,0.8141112618724559,0.4875149494180871,D_LOW_FREQ
43913,5,201,40.2,27.932060432413504,0.0067842605156037995,0.2727272727272727,0.6779626318546966,D_LOW_FREQ
43914,15,761,50.733333333333334,23.593178998136203,0.0203527815468114,1.0325644504748983,0.45605371774747816,D_LOW_FREQ
43915,2,41,20.5,27.577164466275352,0.0027137042062415195,0.05563093622795115,1.2826588123849,D_LOW_FREQ
43916,1,40,40.0,,0.0013568521031207597,0.054274084124830396,,D_LOW_FREQ
43917,2,80,40.0,0.0,0.0027137042062415195,0.10854816824966079,0.0,D_LOW_FREQ
43918,3,160,53.333333333333336,23.094010767585033,0.004070556309362279,0.21709633649932158,0.4250431429616877,D_LOW_FREQ
43921,5,281,56.2,35.3864380801459,0.0067842605156037995,0.3812754409769335,0.618644022380173,D_LOW_FREQ
43923,3,202,67.33333333333333,114.89270356873553,0.004070556309362279,0.27408412483039346,1.6813566375912516,D_LOW_FREQ
43991,5,2450,490.0,349.28498393145964,0.0067842605156037995,3.324287652645862,0.7113747126913638,D_LOW_FREQ
44012,50,16553,331.06,382.1622376927989,0.06784260515603799,22.459972862957937,1.1508830864687072,D_LOW_FREQ
44013,6,1609,268.1666666666667,204.25515089384325,0.008141112618724558,2.1831750339213025,0.7588426658594796,D_LOW_FREQ
44046,53,12000,226.41509433962264,264.2776391165362,0.07191316146540028,16.28222523744912,1.1620936591036604,D_LOW_FREQ
44052,1,40,40.0,,0.0013568521031207597,0.054274084124830396,,D_LOW_FREQ
44068,1,78,78.0,,0.0013568521031207597,0.10583446404341927,,D_LOW_FREQ
44100,11,1362,123.81818181818181,167.49974219790204,0.014925373134328358,1.848032564450475,1.3419498646590842,D_LOW_FREQ
44101,15,1206,80.4,152.18494387703782,0.0203527815468114,1.6363636363636365,1.8695939051233146,D_LOW_FREQ
44102,14,1388,99.14285714285714,153.67991568034023,0.018995929443690638,1.8833107191316147,1.5346068612872776,D_LOW_FREQ
44103,17,1915,112.6470588235294,167.66929548089246,0.023066485753052916,2.598371777476255,1.4753509436724492,D_LOW_FREQ
44104,10,1470,147.0,166.40312497065673,0.013568521031207599,1.994572591587517,1.124345438990924,D_LOW_FREQ
44105,13,1501,115.46153846153847,153.3224355101667,0.017639077340569877,2.0366350067842607,1.3165070420291725,D_LOW_FREQ
44121,1,150,150.0,,0.0013568521031207597,0.20352781546811397,,D_LOW_FREQ
44156,200,9715,48.575,66.4213319778258,0.27137042062415195,13.181818181818182,1.3398150676313827,C_MEDIUM_FREQ
44309,1,6,6.0,,0.0013568521031207597,0.008141112618724558,,D_LOW_FREQ
44310,1,4,4.0,,0.0013568521031207597,0.005427408412483039,,D_LOW_FREQ
44333,4,41,10.25,7.762087348130012,0.005427408412483039,0.05563093622795115,0.6899633198337789,D_LOW_FREQ
44396,2,15,7.5,3.5355339059327378,0.0027137042062415195,0.0203527815468114,0.4159451654038515,D_LOW_FREQ
44397,1,10,10.0,,0.0013568521031207597,0.013568521031207599,,D_LOW_FREQ
44398,2,12,6.0,5.656854249492381,0.0027137042062415195,0.016282225237449117,0.8081220356417687,D_LOW_FREQ
44399,1,10,10.0,,0.0013568521031207597,0.013568521031207599,,D_LOW_FREQ
44400,2,10,5.0,0.0,0.0027137042062415195,0.013568521031207599,0.0,D_LOW_FREQ
44401,1,10,10.0,,0.0013568521031207597,0.013568521031207599,,D_LOW_FREQ
44402,1,5,5.0,,0.0013568521031207597,0.0067842605156037995,,D_LOW_FREQ
44403,1,10,10.0,,0.0013568521031207597,0.013568521031207599,,D_LOW_FREQ
44404,1,10,10.0,,0.0013568521031207597,0.013568521031207599,,D_LOW_FREQ
44405,1,5,5.0,,0.0013568521031207597,0.0067842605156037995,,D_LOW_FREQ
44419,1,4,4.0,,0.0013568521031207597,0.005427408412483039,,D_LOW_FREQ
44421,1,2,2.0,,0.0013568521031207597,0.0027137042062415195,,D_LOW_FREQ
44430,2,2,1.0,0.0,0.0027137042062415195,0.0027137042062415195,0.0,D_LOW_FREQ
44432,1,30,30.0,,0.0013568521031207597,0.0407055630936228,,D_LOW_FREQ
44435,1,1568,1568.0,,0.0013568521031207597,2.1275440976933515,,D_LOW_FREQ
44436,1,99,99.0,,0.0013568521031207597,0.13432835820895522,,D_LOW_FREQ
44438,1,100,100.0,,0.0013568521031207597,0.13568521031207598,,D_LOW_FREQ
44439,1,302,302.0,,0.0013568521031207597,0.4097693351424695,,D_LOW_FREQ
44440,1,302,302.0,,0.0013568521031207597,0.4097693351424695,,D_LOW_FREQ
44441,1,1164,1164.0,,0.0013568521031207597,1.5793758480325644,,D_LOW_FREQ
44447,1,1065,1065.0,,0.0013568521031207597,1.4450474898236092,,D_LOW_FREQ
44449,1,600,600.0,,0.0013568521031207597,0.8141112618724559,,D_LOW_FREQ
44450,1,110,110.0,,0.0013568521031207597,0.14925373134328357,,D_LOW_FREQ
44485,107,20160,188.41121495327104,146.84190916810024,0.1451831750339213,27.354138398914518,0.775254565598595,C_MEDIUM_FREQ
44486,156,42085,269.77564102564105,263.22208392786564,0.21166892808683854,57.103120759837175,0.9721040006805481,C_MEDIUM_FREQ
44489,115,32802,285.23478260869564,317.1878996617593,0.1560379918588874,44.507462686567166,1.1081389088040319,C_MEDIUM_FREQ
44490,106,21371,201.61320754716982,189.29903633466472,0.14382632293080055,28.99728629579376,0.9342877427701476,C_MEDIUM_FREQ
44500,1,20,20.0,,0.0013568521031207597,0.027137042062415198,,D_LOW_FREQ
44504,1,120,120.0,,0.0013568521031207597,0.1628222523744912,,D_LOW_FREQ
44512,1,120,120.0,,0.0013568521031207597,0.1628222523744912,,D_LOW_FREQ
44513,1,2,2.0,,0.0013568521031207597,0.0027137042062415195,,D_LOW_FREQ
44535,3,59,19.666666666666668,15.50268793897798,0.004070556309362279,0.08005427408412483,0.7501300615634506,D_LOW_FREQ
44638,2,120,60.0,0.0,0.0027137042062415195,0.1628222523744912,0.0,D_LOW_FREQ
44657,48,1800,37.5,40.161906371638466,0.06512890094979647,2.4423337856173677,1.0431663992633369,D_LOW_FREQ
45416,1,38,38.0,,0.0013568521031207597,0.051560379918588875,,D_LOW_FREQ
45479,1,2,2.0,,0.0013568521031207597,0.0027137042062415195,,D_LOW_FREQ
45482,1,4,4.0,,0.0013568521031207597,0.005427408412483039,,D_LOW_FREQ
45483,1,3,3.0,,0.0013568521031207597,0.004070556309362279,,D_LOW_FREQ
45484,1,3,3.0,,0.0013568521031207597,0.004070556309362279,,D_LOW_FREQ
